BAPI_TRLSRVAPS_SAVEMULTI2;BAPI_TRLSRVAPS_GETLIST2;;;;;;;;;;;;;;;;;;;;;;;;;;;;;;;;;;;;;;;;;;;;;;;;;;;;;;;;;;;;;;;;;;;;;;;;;;;;;;;;;;;;;;;;;;;;;;;;;;;;;;;;;;;;;;;;;;;;;;;;;;;;;;;;;;;;;;;;;;;;;;;;;;;;;;;;;;;;;;;;;;;;;;;;;;;;;;;;;;;;;;;;;;;;;;;;;;;
;;;;;;;;;;;;;;;;;;;;;;;;;;;;;;;;;;;;;;;;;;;;;;;;;;;;;;;;;;;;;;;;;;;;;;;;;;;;;;;;;;;;;;;;;;;;;;;;;;;;;;;;;;;;;;;;;;;;;;;;;;;;;;;;;;;;;;;;;;;;;;;;;;;;;;;;;;;;;;;;;;;;;;;;;;;;;;;;;;;;;;;;;;;;;;;;;;;;
LOGICAL_SYSTEM;TRANSPORTATION_LANE;;;;;;;;;;;;;;;;;;;;;;;;;;;TRANSPORTATION_LANE_X;;;;;;;;;;;;;;;;;;;;;;;;;;;MEANS_OF_TRANSPORT;;;;;;;;;;;;;;;;;;;;;;;;;;;;;;;;;;;;;;;;;;;;;;;;;;;;;;;;;;;;;;;;MEANS_OF_TRANSPORT_X;;;;;;;;;;;;;;;;;;;;;;;;;;;;;;;;;;;;;;;;;;;;;;;;;;;;;;;;;;;;;;;;RETURN;;;;;;;;;;;;;
;;;;;;;;;;;;;;;;;;;;;;;;;;;;;;;;;;;;;;;;;;;;;;;;;;;;;;;;;;;;;;;;;;;;;;;;;;;;;;;;;;;;;;;;;;;;;;;;;;;;;;;;;;;;;;;;;;;;;;;;;;;;;;;;;;;;;;;;;;;;;;;;;;;;;;;;;;;;;;;;;;;;;;;;;;;;;;;;;;;;;;;;;;;;;;;;;;;;
logical_system;model;location_id_from;location_from;loctype_from;location_from_bsg;location_from_int;location_id_to;location_to;loctype_to;location_to_bsg;location_to_int;short_text;planner;order_processing_calendar;communication_duration;order_fixing_period;max_weight;max_weight_uom;max_weight_uom_iso;max_volume;max_volume_uom;max_volume_uom_iso;max_dimension;max_dimension_uom;max_dimension_uom_iso;corr_fix_period;promotion_rounding_rule;model;location_id_from;location_from;loctype_from;location_from_bsg;location_from_int;location_id_to;location_to;loctype_to;location_to_bsg;location_to_int;short_text;planner;order_processing_calendar;communication_duration;order_fixing_period;max_weight;max_weight_uom;max_weight_uom_iso;max_volume;max_volume_uom;max_volume_uom_iso;max_dimension;max_dimension_uom;max_dimension_uom_iso;corr_fix_period;promotion_rounding_rule;model;location_id_from;location_from;loctype_from;location_from_bsg;location_from_int;location_id_to;location_to;loctype_to;location_to_bsg;location_to_int;val_from;val_to;means_of_transport;all_products_flg;aggregated_planning_usage_flg;detailed_planning_usage_flg;short_text;transportation_calendar;distance_dependent_costs;duration;duration_fixing_flg;distance;distance_fixing_flg;stopover_duration;transportation_costs;transportation_costs_uom;transportation_costs_uom_iso;transportation_costs_function;resuid;resource;resource_bsg;resource_int;tlb_profile;discrete_flg;bucket_offset;period_factor;duration_distance_precision;no_stock_in_transit_flg;vmi_tlb_profile;default_order_guideline_set;order_guideline_set;loading_method;rule_tolerance;pull_in_horizon;sizing_decision;sizing_thrval;bus_share_tol_pos;bus_share_tol_neg;bus_share_penalty_or;bus_share_penalty_uu;bus_share_usage_flg;capacity_basis;capacity_usage_flg;cost_origin;tsp_selection_strategy;continous_move_type;buckets_profile;tsp_selection_flg;proc_lead_time_pull;proc_lead_time_push;stk_transfer_time_pull;stk_transfer_time_push;min_distance_dependent_costs;model;location_id_from;location_from;loctype_from;location_from_bsg;location_from_int;location_id_to;location_to;loctype_to;location_to_bsg;location_to_int;val_from;val_to;means_of_transport;all_products_flg;aggregated_planning_usage_flg;detailed_planning_usage_flg;short_text;transportation_calendar;distance_dependent_costs;duration;duration_fixing_flg;distance;distance_fixing_flg;stopover_duration;transportation_costs;transportation_costs_uom;transportation_costs_uom_iso;transportation_costs_function;resuid;resource;resource_bsg;resource_int;tlb_profile;discrete_flg;bucket_offset;period_factor;duration_distance_precision;no_stock_in_transit_flg;vmi_tlb_profile;default_order_guideline_set;order_guideline_set;loading_method;rule_tolerance;pull_in_horizon;sizing_decision;sizing_thrval;bus_share_tol_pos;bus_share_tol_neg;bus_share_penalty_or;bus_share_penalty_uu;bus_share_usage_flg;capacity_basis;capacity_usage_flg;cost_origin;tsp_selection_strategy;continous_move_type;buckets_profile;tsp_selection_flg;proc_lead_time_pull;proc_lead_time_push;stk_transfer_time_pull;stk_transfer_time_push;min_distance_dependent_costs;type;id;number;message;log_no;log_msg_no;message_v1;message_v2;message_v3;message_v4;parameter;row;field;system
Logical System;Model Name in Supply Chain Network;Location GUID (Length 32);External Location Identifier;Location Type;Business System Group;Location;Location GUID (Length 32);External Location Identifier;Location Type;Business System Group;Location;Transportation Lane Description;Transportation Planner;Order Processing Calendar;Communication Duration;Order Fixing Period;Deployment: Maximum Weight for Express Shipment Decision;Unit of Weight;ISO code for unit of measurement;Deployment: Maximum Volume for Express Shipment Decision;Unit of Volume;ISO code for unit of measurement;Deployment: Maximum Dimension for Express Shipment Decision;Unit of Dimension;ISO code for unit of measurement;Correction of Freeze Period;Special Promotion Rounding Rule;Model Name in Supply Chain Network;Location GUID (Length 32);External Location Identifier;Location Type;Business System Group;Location;Location GUID (Length 32);External Location Identifier;Location Type;Business System Group;Location;Updated information in related user data field;Updated information in related user data field;Updated information in related user data field;Updated information in related user data field;Updated information in related user data field;Updated information in related user data field;Updated information in related user data field;Updated information in related user data field;Updated information in related user data field;Updated information in related user data field;Updated information in related user data field;Updated information in related user data field;Updated information in related user data field;Updated information in related user data field;Updated information in related user data field;Updated information in related user data field;Model Name in Supply Chain Network;Location GUID (Length 32);External Location Identifier;Location Type;Business System Group;Location;Location GUID (Length 32);External Location Identifier;Location Type;Business System Group;Location;Time Stamp at Start of Validity Period;Time Stamp at End of Validity Period;Means of Transport;Indicator: Whether Means of Transport Valid for All Products;Indicator for Use in Aggregated Planning;Indicator for Usage in Detailed Planning;Description of Means of Transport from a Transportation Lane;Transportation Calendar;Distance-Dependent Costs of a Means of Transport (per km);Transportation Time of a Transportation Lane (in hhmmss);Indicator for Fixing the Duration of Transportation;Transportation Distance of a Transportation Lane in km;Indicator to Fix Transportation Distance;Additional Retention Period for Transp. Lane (in hhmmss);Variable Transportation Costs;Unit of Measure for Transportation Costs of a Product;ISO code for unit of measurement;Supply Network Planning: External Cost Function;Resources GUID (Length 32);External Resource;Business System Group;Resource Name;SNP: Profile for Transport Load Builder (old);SNP Optimizer: Discrete Means of Transport at Transp. Lane;Bucket Offset for Product Availability During Shipment;Period Factor for Calculating the Availability Date/Time;Precision of Distance and Duration at Transportation Lane;Do Not Create Stock in Transit;TLB Profile;TLB: Default Order Guideline Set;TLB: Set of Transportation Guidelines;Loading Method;Multiplier for Minimum Load for Direct Delivery;TLB: Pull-In Horizon;TLB: Decision Basis for Shipment Sizing;TLB: Threshold Value for Shipment Sizing;Business Share: Positive Tolerance;Business Share: Negative Tolerance;Penalty Costs for Exceeding Tolerance;Penalty Costs for Tolerance Shortfall;Use Business Share;Capacity Basis;Use Transportation Allocations;Cost Origin;Strategy for Transportation Service Provider Selection;Continuous Move Type;Planning Period;Relevant to TSP Selection;Total Procurement Lead Time (Pull);Total Procurement Lead Time (Push);Total Stock Transfer Time (Pull);Total Stock Transfer Time (Push);Minimal Distance-Dependent Costs of a Means of Transport;Model Name in Supply Chain Network;Location GUID (Length 32);External Location Identifier;Location Type;Business System Group;Location;Location GUID (Length 32);External Location Identifier;Location Type;Business System Group;Location;Time Stamp at Start of Validity Period;Time Stamp at End of Validity Period;Means of Transport;Updated information in related user data field;Updated information in related user data field;Updated information in related user data field;Updated information in related user data field;Updated information in related user data field;Updated information in related user data field;Updated information in related user data field;Updated information in related user data field;Updated information in related user data field;Updated information in related user data field;Updated information in related user data field;Updated information in related user data field;Updated information in related user data field;Updated information in related user data field;Updated information in related user data field;Updated information in related user data field;Updated information in related user data field;Updated information in related user data field;Updated information in related user data field;Updated information in related user data field;Updated information in related user data field;Updated information in related user data field;Updated information in related user data field;Updated information in related user data field;Updated information in related user data field;Updated information in related user data field;Updated information in related user data field;Updated information in related user data field;Updated information in related user data field;Updated information in related user data field;Updated information in related user data field;Updated information in related user data field;Updated information in related user data field;Updated information in related user data field;Updated information in related user data field;Updated information in related user data field;Updated information in related user data field;Updated information in related user data field;Updated information in related user data field;Updated information in related user data field;Updated information in related user data field;Updated information in related user data field;Updated information in related user data field;Updated information in related user data field;Updated information in related user data field;Updated information in related user data field;Updated information in related user data field;Updated information in related user data field;Updated information in related user data field;Updated information in related user data field;Message type: S Success, E Error, W Warning, I Info, A Abort;Message Class;Message Number;Message Text;Application log: log number;Application log: Internal message serial number;Message Variable;Message Variable;Message Variable;Message Variable;Parameter Name;Lines in parameter;Field in parameter;Logical system from which message originates
bapiscmblogsys;/sapapo/c_modelid;bapi10002locid_32;/sapapo/ext_locno;/sapapo/c_loctype;/sapapo/logqs;/sapapo/locno;bapi10002locid_32;/sapapo/ext_locno;/sapapo/c_loctype;/sapapo/logqs;/sapapo/locno;/sapapo/tr_trdescr;/sapapo/planner_trans;/sapapo/tr_opcal;/sapapo/tr_comm_dura;/sapapo/tr_perd_no_ordchg;/sapapo/tr_dpl_wgt_lim;/sapapo/tr_dpl_wgt_uom;isocd_unit;/sapapo/tr_dpl_vol_lim;/sapapo/tr_dpl_vol_uom;isocd_unit;/sapapo/tr_dpl_lwh_lim;/sapapo/tr_dpl_lwh_uom;isocd_unit;/sapapo/tr_corr_fix_perd;/sapapo/tr_promo_round_rule;/sapapo/c_modelid;bapi10002locid_32;/sapapo/ext_locno;/sapapo/c_loctype;/sapapo/logqs;/sapapo/locno;bapi10002locid_32;/sapapo/ext_locno;/sapapo/c_loctype;/sapapo/logqs;/sapapo/locno;bapiupdate;bapiupdate;bapiupdate;bapiupdate;bapiupdate;bapiupdate;bapiupdate;bapiupdate;bapiupdate;bapiupdate;bapiupdate;bapiupdate;bapiupdate;bapiupdate;bapiupdate;bapiupdate;/sapapo/c_modelid;bapi10002locid_32;/sapapo/ext_locno;/sapapo/c_loctype;/sapapo/logqs;/sapapo/locno;bapi10002locid_32;/sapapo/ext_locno;/sapapo/c_loctype;/sapapo/logqs;/sapapo/locno;/sapapo/scc_valfromtstmp;/sapapo/scc_valtotstmp;/sapapo/tr_traty;/sapapo/tr_allprodtflag;/sapapo/tr_aggplflg;/sapapo/tr_dtlplflg;/sapapo/tr_trmdescr;/sapapo/trcal;/sapapo/tr_trtypecost;bapi11201trmdurat;/sapapo/tr_durflg;/sapapo/tr_dist;/sapapo/tr_distflg;bapi11201trmstopdurat;/sapapo/tr_trcost;/sapapo/tr_trcostunit;/sapapo/isocd_unit;/sapapo/snpcosex;bapi10004resid_32;bapi10004ext_resname;/sapapo/logqs;/sapapo/cres_name;/sapapo/snptprex;/sapapo/snptdisc;/sapapo/snprndtrp;/sapapo/rrp_req_cover_type;/sapapo/tr_prec;/sapapo/tr_nstkit;/scmb/vtprid;/scmb/vtosiddef;/scmb/vtosid;/scmb/vt_loadsel;/scmb/vt_ordtol;/scmb/vt_pihor;/scmb/vt_sizedec;/scmb/vt_sizeth;/sapapo/tr_bstol_pos;/sapapo/tr_bstol_neg;/sapapo/tr_bspen_or;/sapapo/tr_bspen_uu;/sapapo/tr_bsuse;/sapapo/tr_cpbase;/sapapo/tr_cpuse;/sapapo/tr_cobase;/sapapo/tr_stbase;/sapapo/tr_cmbase;/sapapo/tr_tbbuom;/sapapo/tr_usage_carrsel;/sapapo/tr_drp_depl_lt_pull;/sapapo/tr_drp_depl_lt_push;/sapapo/tr_sto_sttr_lt_pull;/sapapo/tr_sto_sttr_lt_push;/sapapo/tr_trtypecost_min;/sapapo/c_modelid;bapi10002locid_32;/sapapo/ext_locno;/sapapo/c_loctype;/sapapo/logqs;/sapapo/locno;bapi10002locid_32;/sapapo/ext_locno;/sapapo/c_loctype;/sapapo/logqs;/sapapo/locno;/sapapo/scc_valfromtstmp;/sapapo/scc_valtotstmp;/sapapo/tr_traty;bapiupdate;bapiupdate;bapiupdate;bapiupdate;bapiupdate;bapiupdate;bapiupdate;bapiupdate;bapiupdate;bapiupdate;bapiupdate;bapiupdate;bapiupdate;bapiupdate;bapiupdate;bapiupdate;bapiupdate;bapiupdate;bapiupdate;bapiupdate;bapiupdate;bapiupdate;bapiupdate;bapiupdate;bapiupdate;bapiupdate;bapiupdate;bapiupdate;bapiupdate;bapiupdate;bapiupdate;bapiupdate;bapiupdate;bapiupdate;bapiupdate;bapiupdate;bapiupdate;bapiupdate;bapiupdate;bapiupdate;bapiupdate;bapiupdate;bapiupdate;bapiupdate;bapiupdate;bapiupdate;bapiupdate;bapiupdate;bapiupdate;bapiupdate;bapi_mtype;symsgid;symsgno;bapi_msg;balognr;balmnr;symsgv;symsgv;symsgv;symsgv;bapi_param;bapi_line;bapi_fld;bapilogsys
char 000010;char 000022;char 000032;char 000020;char 000004;char 000008;char 000020;char 000032;char 000020;char 000004;char 000008;char 000020;char 000040;char 000003;char 000010;dec 000011;dec 000011;quan 000013;unit 000003;char 000003;quan 000013;unit 000003;char 000003;quan 000013;unit 000003;char 000003;dec 000004;numc 000001;char 000022;char 000032;char 000020;char 000004;char 000008;char 000020;char 000032;char 000020;char 000004;char 000008;char 000020;char 000001;char 000001;char 000001;char 000001;char 000001;char 000001;char 000001;char 000001;char 000001;char 000001;char 000001;char 000001;char 000001;char 000001;char 000001;char 000001;char 000022;char 000032;char 000020;char 000004;char 000008;char 000020;char 000032;char 000020;char 000004;char 000008;char 000020;dec 000015;dec 000015;char 000010;char 000001;char 000001;char 000001;char 000040;char 000010;dec 000013;dec 000011;char 000001;dec 000010;char 000001;dec 000011;dec 000015;unit 000003;char 000003;char 000010;char 000032;char 000040;char 000008;char 000040;char 000010;char 000001;dec 000003;dec 000004;numc 000004;char 000001;char 000010;char 000010;char 000010;char 000001;dec 000003;dec 000003;char 000001;dec 000003;dec 000004;dec 000004;dec 000013;dec 000013;char 000001;char 000001;char 000001;char 000001;char 000001;char 000001;char 000001;char 000001;dec 000011;dec 000011;dec 000011;dec 000011;dec 000013;char 000022;char 000032;char 000020;char 000004;char 000008;char 000020;char 000032;char 000020;char 000004;char 000008;char 000020;dec 000015;dec 000015;char 000010;char 000001;char 000001;char 000001;char 000001;char 000001;char 000001;char 000001;char 000001;char 000001;char 000001;char 000001;char 000001;char 000001;char 000001;char 000001;char 000001;char 000001;char 000001;char 000001;char 000001;char 000001;char 000001;char 000001;char 000001;char 000001;char 000001;char 000001;char 000001;char 000001;char 000001;char 000001;char 000001;char 000001;char 000001;char 000001;char 000001;char 000001;char 000001;char 000001;char 000001;char 000001;char 000001;char 000001;char 000001;char 000001;char 000001;char 000001;char 000001;char 000001;char 000001;char 000001;char 000020;numc 000003;char 000220;char 000020;numc 000006;char 000050;char 000050;char 000050;char 000050;char 000032;int4 000010;char 000030;char 000010
Simple Input Parameter;Table Parameters;;;;;;;;;;;;;;;;;;;;;;;;;;;Table Parameters;;;;;;;;;;;;;;;;;;;;;;;;;;;Table Parameters;;;;;;;;;;;;;;;;;;;;;;;;;;;;;;;;;;;;;;;;;;;;;;;;;;;;;;;;;;;;;;;;Table Parameters;;;;;;;;;;;;;;;;;;;;;;;;;;;;;;;;;;;;;;;;;;;;;;;;;;;;;;;;;;;;;;;;Table Parameters;;;;;;;;;;;;;
TP0CLNT600;000;;TZRU55-0001;1005;SPKTM;TZRU55-0001;;TZRU55-0002;1005;SPKTM;TZRU55-0002;Test route;;;0;1;0;;;0;;;0;;;0;0;000;;;;;;;;;;;X;X;X;X;X;X;X;X;X;X;X;X;X;X;X;X;000;;TZRU55-0001;1005;SPKTM;TZRU55-0001;;TZRU55-0002;1005;SPKTM;TZRU55-0002;20120122000000;99990101235959;YT;X;X;X;Test route;;0,000;0;;0;;0;0;;;;;;;;;;0;0;1000;;;;;;0;0;;0;0;0;0;0;;P;;I;X;;;X;0;0;0;0;0;000;;;;;;;;;;;0;0;;X;X;X;X;X;X;X;X;X;X;X;X;X;X;X;X;X;X;X;X;X;X;X;X;X;X;X;X;X;X;X;X;X;X;X;X;X;X;X;X;X;X;X;X;X;X;X;X;X;X;;;;;;;;;;;;;;
;000;;TZRU55-0001;1005;SPKTM;TZRU55-0001;;TZRU55-0020;1005;SPKTM;TZRU55-0020;Test route;;;0;1;0;;;0;;;0;;;0;0;;;;;;;;;;;;;;;;;;;;;;;;;;;;000;;TZRU55-0001;1005;SPKTM;TZRU55-0001;;TZRU55-0020;1005;SPKTM;TZRU55-0020;20120122000000;99990101235959;YT;X;X;X;Test route;;0,000;0;;0;;0;0;;;;;;;;;;0;0;1000;;;;;;0;0;;0;0;0;0;0;;P;;I;X;;;X;0;0;0;0;0;;;;;;;;;;;;;;;;;;;;;;;;;;;;;;;;;;;;;;;;;;;;;;;;;;;;;;;;;;;;;;;;;;;;;;;;;;;;;;
;000;;TZRU55-0001;1005;SPKTM;TZRU55-0001;;TZRU55-0030;1005;SPKTM;TZRU55-0030;Test route;;;0;1;0;;;0;;;0;;;0;0;;;;;;;;;;;;;;;;;;;;;;;;;;;;000;;TZRU55-0001;1005;SPKTM;TZRU55-0001;;TZRU55-0030;1005;SPKTM;TZRU55-0030;20120122000000;99990101235959;YT;X;X;X;Test route;;0,000;0;;0;;0;0;;;;;;;;;;0;0;1000;;;;;;0;0;;0;0;0;0;0;;P;;I;X;;;X;0;0;0;0;0;;;;;;;;;;;;;;;;;;;;;;;;;;;;;;;;;;;;;;;;;;;;;;;;;;;;;;;;;;;;;;;;;;;;;;;;;;;;;;
;000;;TZRU55-0001;1005;SPKTM;TZRU55-0001;;TZRU55-0040;1005;SPKTM;TZRU55-0040;Test route;;;0;1;0;;;0;;;0;;;0;0;;;;;;;;;;;;;;;;;;;;;;;;;;;;000;;TZRU55-0001;1005;SPKTM;TZRU55-0001;;TZRU55-0040;1005;SPKTM;TZRU55-0040;20120122000000;99990101235959;YT;X;X;X;Test route;;0,000;0;;0;;0;0;;;;;;;;;;0;0;1000;;;;;;0;0;;0;0;0;0;0;;P;;I;X;;;X;0;0;0;0;0;;;;;;;;;;;;;;;;;;;;;;;;;;;;;;;;;;;;;;;;;;;;;;;;;;;;;;;;;;;;;;;;;;;;;;;;;;;;;;
;000;;TZRU55-0001;1005;SPKTM;TZRU55-0001;;TZRU55-0050;1005;SPKTM;TZRU55-0050;Test route;;;0;1;0;;;0;;;0;;;0;0;;;;;;;;;;;;;;;;;;;;;;;;;;;;000;;TZRU55-0001;1005;SPKTM;TZRU55-0001;;TZRU55-0050;1005;SPKTM;TZRU55-0050;20120122000000;99990101235959;YT;X;X;X;Test route;;0,000;0;;0;;0;0;;;;;;;;;;0;0;1000;;;;;;0;0;;0;0;0;0;0;;P;;I;X;;;X;0;0;0;0;0;;;;;;;;;;;;;;;;;;;;;;;;;;;;;;;;;;;;;;;;;;;;;;;;;;;;;;;;;;;;;;;;;;;;;;;;;;;;;;
;000;;TZRU55-0001;1005;SPKTM;TZRU55-0001;;TZRU55-0060;1005;SPKTM;TZRU55-0060;Test route;;;0;1;0;;;0;;;0;;;0;0;;;;;;;;;;;;;;;;;;;;;;;;;;;;000;;TZRU55-0001;1005;SPKTM;TZRU55-0001;;TZRU55-0060;1005;SPKTM;TZRU55-0060;20120122000000;99990101235959;YT;X;X;X;Test route;;0,000;0;;0;;0;0;;;;;;;;;;0;0;1000;;;;;;0;0;;0;0;0;0;0;;P;;I;X;;;X;0;0;0;0;0;;;;;;;;;;;;;;;;;;;;;;;;;;;;;;;;;;;;;;;;;;;;;;;;;;;;;;;;;;;;;;;;;;;;;;;;;;;;;;
;000;;TZRU55-0001;1005;SPKTM;TZRU55-0001;;TZRU55-0070;1005;SPKTM;TZRU55-0070;Test route;;;0;1;0;;;0;;;0;;;0;0;;;;;;;;;;;;;;;;;;;;;;;;;;;;000;;TZRU55-0001;1005;SPKTM;TZRU55-0001;;TZRU55-0070;1005;SPKTM;TZRU55-0070;20120122000000;99990101235959;YT;X;X;X;Test route;;0,000;0;;0;;0;0;;;;;;;;;;0;0;1000;;;;;;0;0;;0;0;0;0;0;;P;;I;X;;;X;0;0;0;0;0;;;;;;;;;;;;;;;;;;;;;;;;;;;;;;;;;;;;;;;;;;;;;;;;;;;;;;;;;;;;;;;;;;;;;;;;;;;;;;
;000;;TZRU55-0001;1005;SPKTM;TZRU55-0001;;TZRU55-0080;1005;SPKTM;TZRU55-0080;Test route;;;0;1;0;;;0;;;0;;;0;0;;;;;;;;;;;;;;;;;;;;;;;;;;;;000;;TZRU55-0001;1005;SPKTM;TZRU55-0001;;TZRU55-0080;1005;SPKTM;TZRU55-0080;20120122000000;99990101235959;YT;X;X;X;Test route;;0,000;0;;0;;0;0;;;;;;;;;;0;0;1000;;;;;;0;0;;0;0;0;0;0;;P;;I;X;;;X;0;0;0;0;0;;;;;;;;;;;;;;;;;;;;;;;;;;;;;;;;;;;;;;;;;;;;;;;;;;;;;;;;;;;;;;;;;;;;;;;;;;;;;;
;000;;TZRU55-0001;1005;SPKTM;TZRU55-0001;;TZRU55-0090;1005;SPKTM;TZRU55-0090;Test route;;;0;1;0;;;0;;;0;;;0;0;;;;;;;;;;;;;;;;;;;;;;;;;;;;000;;TZRU55-0001;1005;SPKTM;TZRU55-0001;;TZRU55-0090;1005;SPKTM;TZRU55-0090;20120122000000;99990101235959;YT;X;X;X;Test route;;0,000;0;;0;;0;0;;;;;;;;;;0;0;1000;;;;;;0;0;;0;0;0;0;0;;P;;I;X;;;X;0;0;0;0;0;;;;;;;;;;;;;;;;;;;;;;;;;;;;;;;;;;;;;;;;;;;;;;;;;;;;;;;;;;;;;;;;;;;;;;;;;;;;;;
;000;;TZRU55-0001;1005;SPKTM;TZRU55-0001;;TZRU55-0100;1005;SPKTM;TZRU55-0100;Test route;;;0;1;0;;;0;;;0;;;0;0;;;;;;;;;;;;;;;;;;;;;;;;;;;;000;;TZRU55-0001;1005;SPKTM;TZRU55-0001;;TZRU55-0100;1005;SPKTM;TZRU55-0100;20120122000000;99990101235959;YT;X;X;X;Test route;;0,000;0;;0;;0;0;;;;;;;;;;0;0;1000;;;;;;0;0;;0;0;0;0;0;;P;;I;X;;;X;0;0;0;0;0;;;;;;;;;;;;;;;;;;;;;;;;;;;;;;;;;;;;;;;;;;;;;;;;;;;;;;;;;;;;;;;;;;;;;;;;;;;;;;
;000;;TZRU55-0001;1005;SPKTM;TZRU55-0001;;TZRU55-0110;1005;SPKTM;TZRU55-0110;Test route;;;0;1;0;;;0;;;0;;;0;0;;;;;;;;;;;;;;;;;;;;;;;;;;;;000;;TZRU55-0001;1005;SPKTM;TZRU55-0001;;TZRU55-0110;1005;SPKTM;TZRU55-0110;20120122000000;99990101235959;YT;X;X;X;Test route;;0,000;0;;0;;0;0;;;;;;;;;;0;0;1000;;;;;;0;0;;0;0;0;0;0;;P;;I;X;;;X;0;0;0;0;0;;;;;;;;;;;;;;;;;;;;;;;;;;;;;;;;;;;;;;;;;;;;;;;;;;;;;;;;;;;;;;;;;;;;;;;;;;;;;;
;000;;TZRU55-0001;1005;SPKTM;TZRU55-0001;;TZRU55-0120;1005;SPKTM;TZRU55-0120;Test route;;;0;1;0;;;0;;;0;;;0;0;;;;;;;;;;;;;;;;;;;;;;;;;;;;000;;TZRU55-0001;1005;SPKTM;TZRU55-0001;;TZRU55-0120;1005;SPKTM;TZRU55-0120;20120122000000;99990101235959;YT;X;X;X;Test route;;0,000;0;;0;;0;0;;;;;;;;;;0;0;1000;;;;;;0;0;;0;0;0;0;0;;P;;I;X;;;X;0;0;0;0;0;;;;;;;;;;;;;;;;;;;;;;;;;;;;;;;;;;;;;;;;;;;;;;;;;;;;;;;;;;;;;;;;;;;;;;;;;;;;;;
;000;;TZRU55-0001;1005;SPKTM;TZRU55-0001;;TZRU55-0130;1005;SPKTM;TZRU55-0130;Test route;;;0;1;0;;;0;;;0;;;0;0;;;;;;;;;;;;;;;;;;;;;;;;;;;;000;;TZRU55-0001;1005;SPKTM;TZRU55-0001;;TZRU55-0130;1005;SPKTM;TZRU55-0130;20120122000000;99990101235959;YT;X;X;X;Test route;;0,000;0;;0;;0;0;;;;;;;;;;0;0;1000;;;;;;0;0;;0;0;0;0;0;;P;;I;X;;;X;0;0;0;0;0;;;;;;;;;;;;;;;;;;;;;;;;;;;;;;;;;;;;;;;;;;;;;;;;;;;;;;;;;;;;;;;;;;;;;;;;;;;;;;
;000;;TZRU55-0001;1005;SPKTM;TZRU55-0001;;TZRU55-0140;1005;SPKTM;TZRU55-0140;Test route;;;0;1;0;;;0;;;0;;;0;0;;;;;;;;;;;;;;;;;;;;;;;;;;;;000;;TZRU55-0001;1005;SPKTM;TZRU55-0001;;TZRU55-0140;1005;SPKTM;TZRU55-0140;20120122000000;99990101235959;YT;X;X;X;Test route;;0,000;0;;0;;0;0;;;;;;;;;;0;0;1000;;;;;;0;0;;0;0;0;0;0;;P;;I;X;;;X;0;0;0;0;0;;;;;;;;;;;;;;;;;;;;;;;;;;;;;;;;;;;;;;;;;;;;;;;;;;;;;;;;;;;;;;;;;;;;;;;;;;;;;;
;000;;TZRU55-0001;1005;SPKTM;TZRU55-0001;;TZRU55-0150;1005;SPKTM;TZRU55-0150;Test route;;;0;1;0;;;0;;;0;;;0;0;;;;;;;;;;;;;;;;;;;;;;;;;;;;000;;TZRU55-0001;1005;SPKTM;TZRU55-0001;;TZRU55-0150;1005;SPKTM;TZRU55-0150;20120122000000;99990101235959;YT;X;X;X;Test route;;0,000;0;;0;;0;0;;;;;;;;;;0;0;1000;;;;;;0;0;;0;0;0;0;0;;P;;I;X;;;X;0;0;0;0;0;;;;;;;;;;;;;;;;;;;;;;;;;;;;;;;;;;;;;;;;;;;;;;;;;;;;;;;;;;;;;;;;;;;;;;;;;;;;;;
;000;;TZRU55-0001;1005;SPKTM;TZRU55-0001;;TZRU55-0160;1005;SPKTM;TZRU55-0160;Test route;;;0;1;0;;;0;;;0;;;0;0;;;;;;;;;;;;;;;;;;;;;;;;;;;;000;;TZRU55-0001;1005;SPKTM;TZRU55-0001;;TZRU55-0160;1005;SPKTM;TZRU55-0160;20120122000000;99990101235959;YT;X;X;X;Test route;;0,000;0;;0;;0;0;;;;;;;;;;0;0;1000;;;;;;0;0;;0;0;0;0;0;;P;;I;X;;;X;0;0;0;0;0;;;;;;;;;;;;;;;;;;;;;;;;;;;;;;;;;;;;;;;;;;;;;;;;;;;;;;;;;;;;;;;;;;;;;;;;;;;;;;
;000;;TZRU55-0001;1005;SPKTM;TZRU55-0001;;TZRU55-0170;1005;SPKTM;TZRU55-0170;Test route;;;0;1;0;;;0;;;0;;;0;0;;;;;;;;;;;;;;;;;;;;;;;;;;;;000;;TZRU55-0001;1005;SPKTM;TZRU55-0001;;TZRU55-0170;1005;SPKTM;TZRU55-0170;20120122000000;99990101235959;YT;X;X;X;Test route;;0,000;0;;0;;0;0;;;;;;;;;;0;0;1000;;;;;;0;0;;0;0;0;0;0;;P;;I;X;;;X;0;0;0;0;0;;;;;;;;;;;;;;;;;;;;;;;;;;;;;;;;;;;;;;;;;;;;;;;;;;;;;;;;;;;;;;;;;;;;;;;;;;;;;;
;000;;TZRU55-0001;1005;SPKTM;TZRU55-0001;;TZRU55-0180;1005;SPKTM;TZRU55-0180;Test route;;;0;1;0;;;0;;;0;;;0;0;;;;;;;;;;;;;;;;;;;;;;;;;;;;000;;TZRU55-0001;1005;SPKTM;TZRU55-0001;;TZRU55-0180;1005;SPKTM;TZRU55-0180;20120122000000;99990101235959;YT;X;X;X;Test route;;0,000;0;;0;;0;0;;;;;;;;;;0;0;1000;;;;;;0;0;;0;0;0;0;0;;P;;I;X;;;X;0;0;0;0;0;;;;;;;;;;;;;;;;;;;;;;;;;;;;;;;;;;;;;;;;;;;;;;;;;;;;;;;;;;;;;;;;;;;;;;;;;;;;;;
;000;;TZRU55-0001;1005;SPKTM;TZRU55-0001;;TZRU55-0190;1005;SPKTM;TZRU55-0190;Test route;;;0;1;0;;;0;;;0;;;0;0;;;;;;;;;;;;;;;;;;;;;;;;;;;;000;;TZRU55-0001;1005;SPKTM;TZRU55-0001;;TZRU55-0190;1005;SPKTM;TZRU55-0190;20120122000000;99990101235959;YT;X;X;X;Test route;;0,000;0;;0;;0;0;;;;;;;;;;0;0;1000;;;;;;0;0;;0;0;0;0;0;;P;;I;X;;;X;0;0;0;0;0;;;;;;;;;;;;;;;;;;;;;;;;;;;;;;;;;;;;;;;;;;;;;;;;;;;;;;;;;;;;;;;;;;;;;;;;;;;;;;
;000;;TZRU55-0001;1005;SPKTM;TZRU55-0001;;TZRU55-0200;1005;SPKTM;TZRU55-0200;Test route;;;0;1;0;;;0;;;0;;;0;0;;;;;;;;;;;;;;;;;;;;;;;;;;;;000;;TZRU55-0001;1005;SPKTM;TZRU55-0001;;TZRU55-0200;1005;SPKTM;TZRU55-0200;20120122000000;99990101235959;YT;X;X;X;Test route;;0,000;0;;0;;0;0;;;;;;;;;;0;0;1000;;;;;;0;0;;0;0;0;0;0;;P;;I;X;;;X;0;0;0;0;0;;;;;;;;;;;;;;;;;;;;;;;;;;;;;;;;;;;;;;;;;;;;;;;;;;;;;;;;;;;;;;;;;;;;;;;;;;;;;;
;000;;TZRU55-0001;1005;SPKTM;TZRU55-0001;;TZRU55-0210;1005;SPKTM;TZRU55-0210;Test route;;;0;1;0;;;0;;;0;;;0;0;;;;;;;;;;;;;;;;;;;;;;;;;;;;000;;TZRU55-0001;1005;SPKTM;TZRU55-0001;;TZRU55-0210;1005;SPKTM;TZRU55-0210;20120122000000;99990101235959;YT;X;X;X;Test route;;0,000;0;;0;;0;0;;;;;;;;;;0;0;1000;;;;;;0;0;;0;0;0;0;0;;P;;I;X;;;X;0;0;0;0;0;;;;;;;;;;;;;;;;;;;;;;;;;;;;;;;;;;;;;;;;;;;;;;;;;;;;;;;;;;;;;;;;;;;;;;;;;;;;;;
;000;;TZRU55-0001;1005;SPKTM;TZRU55-0001;;TZRU55-0220;1005;SPKTM;TZRU55-0220;Test route;;;0;1;0;;;0;;;0;;;0;0;;;;;;;;;;;;;;;;;;;;;;;;;;;;000;;TZRU55-0001;1005;SPKTM;TZRU55-0001;;TZRU55-0220;1005;SPKTM;TZRU55-0220;20120122000000;99990101235959;YT;X;X;X;Test route;;0,000;0;;0;;0;0;;;;;;;;;;0;0;1000;;;;;;0;0;;0;0;0;0;0;;P;;I;X;;;X;0;0;0;0;0;;;;;;;;;;;;;;;;;;;;;;;;;;;;;;;;;;;;;;;;;;;;;;;;;;;;;;;;;;;;;;;;;;;;;;;;;;;;;;
;000;;TZRU55-0001;1005;SPKTM;TZRU55-0001;;TZRU55-0230;1005;SPKTM;TZRU55-0230;Test route;;;0;1;0;;;0;;;0;;;0;0;;;;;;;;;;;;;;;;;;;;;;;;;;;;000;;TZRU55-0001;1005;SPKTM;TZRU55-0001;;TZRU55-0230;1005;SPKTM;TZRU55-0230;20120122000000;99990101235959;YT;X;X;X;Test route;;0,000;0;;0;;0;0;;;;;;;;;;0;0;1000;;;;;;0;0;;0;0;0;0;0;;P;;I;X;;;X;0;0;0;0;0;;;;;;;;;;;;;;;;;;;;;;;;;;;;;;;;;;;;;;;;;;;;;;;;;;;;;;;;;;;;;;;;;;;;;;;;;;;;;;
;000;;TZRU55-0001;1005;SPKTM;TZRU55-0001;;TZRU55-0240;1005;SPKTM;TZRU55-0240;Test route;;;0;1;0;;;0;;;0;;;0;0;;;;;;;;;;;;;;;;;;;;;;;;;;;;000;;TZRU55-0001;1005;SPKTM;TZRU55-0001;;TZRU55-0240;1005;SPKTM;TZRU55-0240;20120122000000;99990101235959;YT;X;X;X;Test route;;0,000;0;;0;;0;0;;;;;;;;;;0;0;1000;;;;;;0;0;;0;0;0;0;0;;P;;I;X;;;X;0;0;0;0;0;;;;;;;;;;;;;;;;;;;;;;;;;;;;;;;;;;;;;;;;;;;;;;;;;;;;;;;;;;;;;;;;;;;;;;;;;;;;;;
;000;;TZRU55-0001;1005;SPKTM;TZRU55-0001;;TZRU55-0250;1005;SPKTM;TZRU55-0250;Test route;;;0;1;0;;;0;;;0;;;0;0;;;;;;;;;;;;;;;;;;;;;;;;;;;;000;;TZRU55-0001;1005;SPKTM;TZRU55-0001;;TZRU55-0250;1005;SPKTM;TZRU55-0250;20120122000000;99990101235959;YT;X;X;X;Test route;;0,000;0;;0;;0;0;;;;;;;;;;0;0;1000;;;;;;0;0;;0;0;0;0;0;;P;;I;X;;;X;0;0;0;0;0;;;;;;;;;;;;;;;;;;;;;;;;;;;;;;;;;;;;;;;;;;;;;;;;;;;;;;;;;;;;;;;;;;;;;;;;;;;;;;
;000;;TZRU55-0001;1005;SPKTM;TZRU55-0001;;TZRU55-0260;1005;SPKTM;TZRU55-0260;Test route;;;0;1;0;;;0;;;0;;;0;0;;;;;;;;;;;;;;;;;;;;;;;;;;;;000;;TZRU55-0001;1005;SPKTM;TZRU55-0001;;TZRU55-0260;1005;SPKTM;TZRU55-0260;20120122000000;99990101235959;YT;X;X;X;Test route;;0,000;0;;0;;0;0;;;;;;;;;;0;0;1000;;;;;;0;0;;0;0;0;0;0;;P;;I;X;;;X;0;0;0;0;0;;;;;;;;;;;;;;;;;;;;;;;;;;;;;;;;;;;;;;;;;;;;;;;;;;;;;;;;;;;;;;;;;;;;;;;;;;;;;;
;000;;TZRU55-0001;1005;SPKTM;TZRU55-0001;;TZRU55-0270;1005;SPKTM;TZRU55-0270;Test route;;;0;1;0;;;0;;;0;;;0;0;;;;;;;;;;;;;;;;;;;;;;;;;;;;000;;TZRU55-0001;1005;SPKTM;TZRU55-0001;;TZRU55-0270;1005;SPKTM;TZRU55-0270;20120122000000;99990101235959;YT;X;X;X;Test route;;0,000;0;;0;;0;0;;;;;;;;;;0;0;1000;;;;;;0;0;;0;0;0;0;0;;P;;I;X;;;X;0;0;0;0;0;;;;;;;;;;;;;;;;;;;;;;;;;;;;;;;;;;;;;;;;;;;;;;;;;;;;;;;;;;;;;;;;;;;;;;;;;;;;;;
;000;;TZRU55-0001;1005;SPKTM;TZRU55-0001;;TZRU55-0280;1005;SPKTM;TZRU55-0280;Test route;;;0;1;0;;;0;;;0;;;0;0;;;;;;;;;;;;;;;;;;;;;;;;;;;;000;;TZRU55-0001;1005;SPKTM;TZRU55-0001;;TZRU55-0280;1005;SPKTM;TZRU55-0280;20120122000000;99990101235959;YT;X;X;X;Test route;;0,000;0;;0;;0;0;;;;;;;;;;0;0;1000;;;;;;0;0;;0;0;0;0;0;;P;;I;X;;;X;0;0;0;0;0;;;;;;;;;;;;;;;;;;;;;;;;;;;;;;;;;;;;;;;;;;;;;;;;;;;;;;;;;;;;;;;;;;;;;;;;;;;;;;
;000;;TZRU55-0001;1005;SPKTM;TZRU55-0001;;TZRU55-0290;1005;SPKTM;TZRU55-0290;Test route;;;0;1;0;;;0;;;0;;;0;0;;;;;;;;;;;;;;;;;;;;;;;;;;;;000;;TZRU55-0001;1005;SPKTM;TZRU55-0001;;TZRU55-0290;1005;SPKTM;TZRU55-0290;20120122000000;99990101235959;YT;X;X;X;Test route;;0,000;0;;0;;0;0;;;;;;;;;;0;0;1000;;;;;;0;0;;0;0;0;0;0;;P;;I;X;;;X;0;0;0;0;0;;;;;;;;;;;;;;;;;;;;;;;;;;;;;;;;;;;;;;;;;;;;;;;;;;;;;;;;;;;;;;;;;;;;;;;;;;;;;;
;000;;TZRU55-0001;1005;SPKTM;TZRU55-0001;;TZRU55-0300;1005;SPKTM;TZRU55-0300;Test route;;;0;1;0;;;0;;;0;;;0;0;;;;;;;;;;;;;;;;;;;;;;;;;;;;000;;TZRU55-0001;1005;SPKTM;TZRU55-0001;;TZRU55-0300;1005;SPKTM;TZRU55-0300;20120122000000;99990101235959;YT;X;X;X;Test route;;0,000;0;;0;;0;0;;;;;;;;;;0;0;1000;;;;;;0;0;;0;0;0;0;0;;P;;I;X;;;X;0;0;0;0;0;;;;;;;;;;;;;;;;;;;;;;;;;;;;;;;;;;;;;;;;;;;;;;;;;;;;;;;;;;;;;;;;;;;;;;;;;;;;;;
;000;;TZRU55-0001;1005;SPKTM;TZRU55-0001;;TZRU55-0310;1005;SPKTM;TZRU55-0310;Test route;;;0;1;0;;;0;;;0;;;0;0;;;;;;;;;;;;;;;;;;;;;;;;;;;;000;;TZRU55-0001;1005;SPKTM;TZRU55-0001;;TZRU55-0310;1005;SPKTM;TZRU55-0310;20120122000000;99990101235959;YT;X;X;X;Test route;;0,000;0;;0;;0;0;;;;;;;;;;0;0;1000;;;;;;0;0;;0;0;0;0;0;;P;;I;X;;;X;0;0;0;0;0;;;;;;;;;;;;;;;;;;;;;;;;;;;;;;;;;;;;;;;;;;;;;;;;;;;;;;;;;;;;;;;;;;;;;;;;;;;;;;
;000;;TZRU55-0001;1005;SPKTM;TZRU55-0001;;TZRU55-0320;1005;SPKTM;TZRU55-0320;Test route;;;0;1;0;;;0;;;0;;;0;0;;;;;;;;;;;;;;;;;;;;;;;;;;;;000;;TZRU55-0001;1005;SPKTM;TZRU55-0001;;TZRU55-0320;1005;SPKTM;TZRU55-0320;20120122000000;99990101235959;YT;X;X;X;Test route;;0,000;0;;0;;0;0;;;;;;;;;;0;0;1000;;;;;;0;0;;0;0;0;0;0;;P;;I;X;;;X;0;0;0;0;0;;;;;;;;;;;;;;;;;;;;;;;;;;;;;;;;;;;;;;;;;;;;;;;;;;;;;;;;;;;;;;;;;;;;;;;;;;;;;;
;000;;TZRU55-0001;1005;SPKTM;TZRU55-0001;;TZRU55-0330;1005;SPKTM;TZRU55-0330;Test route;;;0;1;0;;;0;;;0;;;0;0;;;;;;;;;;;;;;;;;;;;;;;;;;;;000;;TZRU55-0001;1005;SPKTM;TZRU55-0001;;TZRU55-0330;1005;SPKTM;TZRU55-0330;20120122000000;99990101235959;YT;X;X;X;Test route;;0,000;0;;0;;0;0;;;;;;;;;;0;0;1000;;;;;;0;0;;0;0;0;0;0;;P;;I;X;;;X;0;0;0;0;0;;;;;;;;;;;;;;;;;;;;;;;;;;;;;;;;;;;;;;;;;;;;;;;;;;;;;;;;;;;;;;;;;;;;;;;;;;;;;;
;000;;TZRU55-0001;1005;SPKTM;TZRU55-0001;;TZRU55-0340;1005;SPKTM;TZRU55-0340;Test route;;;0;1;0;;;0;;;0;;;0;0;;;;;;;;;;;;;;;;;;;;;;;;;;;;000;;TZRU55-0001;1005;SPKTM;TZRU55-0001;;TZRU55-0340;1005;SPKTM;TZRU55-0340;20120122000000;99990101235959;YT;X;X;X;Test route;;0,000;0;;0;;0;0;;;;;;;;;;0;0;1000;;;;;;0;0;;0;0;0;0;0;;P;;I;X;;;X;0;0;0;0;0;;;;;;;;;;;;;;;;;;;;;;;;;;;;;;;;;;;;;;;;;;;;;;;;;;;;;;;;;;;;;;;;;;;;;;;;;;;;;;
;000;;TZRU55-0001;1005;SPKTM;TZRU55-0001;;TZRU55-0350;1005;SPKTM;TZRU55-0350;Test route;;;0;1;0;;;0;;;0;;;0;0;;;;;;;;;;;;;;;;;;;;;;;;;;;;000;;TZRU55-0001;1005;SPKTM;TZRU55-0001;;TZRU55-0350;1005;SPKTM;TZRU55-0350;20120122000000;99990101235959;YT;X;X;X;Test route;;0,000;0;;0;;0;0;;;;;;;;;;0;0;1000;;;;;;0;0;;0;0;0;0;0;;P;;I;X;;;X;0;0;0;0;0;;;;;;;;;;;;;;;;;;;;;;;;;;;;;;;;;;;;;;;;;;;;;;;;;;;;;;;;;;;;;;;;;;;;;;;;;;;;;;
;000;;TZRU55-0001;1005;SPKTM;TZRU55-0001;;TZRU55-0360;1005;SPKTM;TZRU55-0360;Test route;;;0;1;0;;;0;;;0;;;0;0;;;;;;;;;;;;;;;;;;;;;;;;;;;;000;;TZRU55-0001;1005;SPKTM;TZRU55-0001;;TZRU55-0360;1005;SPKTM;TZRU55-0360;20120122000000;99990101235959;YT;X;X;X;Test route;;0,000;0;;0;;0;0;;;;;;;;;;0;0;1000;;;;;;0;0;;0;0;0;0;0;;P;;I;X;;;X;0;0;0;0;0;;;;;;;;;;;;;;;;;;;;;;;;;;;;;;;;;;;;;;;;;;;;;;;;;;;;;;;;;;;;;;;;;;;;;;;;;;;;;;
;000;;TZRU55-0001;1005;SPKTM;TZRU55-0001;;TZRU55-0370;1005;SPKTM;TZRU55-0370;Test route;;;0;1;0;;;0;;;0;;;0;0;;;;;;;;;;;;;;;;;;;;;;;;;;;;000;;TZRU55-0001;1005;SPKTM;TZRU55-0001;;TZRU55-0370;1005;SPKTM;TZRU55-0370;20120122000000;99990101235959;YT;X;X;X;Test route;;0,000;0;;0;;0;0;;;;;;;;;;0;0;1000;;;;;;0;0;;0;0;0;0;0;;P;;I;X;;;X;0;0;0;0;0;;;;;;;;;;;;;;;;;;;;;;;;;;;;;;;;;;;;;;;;;;;;;;;;;;;;;;;;;;;;;;;;;;;;;;;;;;;;;;
;000;;TZRU55-0001;1005;SPKTM;TZRU55-0001;;TZRU55-0380;1005;SPKTM;TZRU55-0380;Test route;;;0;1;0;;;0;;;0;;;0;0;;;;;;;;;;;;;;;;;;;;;;;;;;;;000;;TZRU55-0001;1005;SPKTM;TZRU55-0001;;TZRU55-0380;1005;SPKTM;TZRU55-0380;20120122000000;99990101235959;YT;X;X;X;Test route;;0,000;0;;0;;0;0;;;;;;;;;;0;0;1000;;;;;;0;0;;0;0;0;0;0;;P;;I;X;;;X;0;0;0;0;0;;;;;;;;;;;;;;;;;;;;;;;;;;;;;;;;;;;;;;;;;;;;;;;;;;;;;;;;;;;;;;;;;;;;;;;;;;;;;;
;000;;TZRU55-0001;1005;SPKTM;TZRU55-0001;;TZRU55-0390;1005;SPKTM;TZRU55-0390;Test route;;;0;1;0;;;0;;;0;;;0;0;;;;;;;;;;;;;;;;;;;;;;;;;;;;000;;TZRU55-0001;1005;SPKTM;TZRU55-0001;;TZRU55-0390;1005;SPKTM;TZRU55-0390;20120122000000;99990101235959;YT;X;X;X;Test route;;0,000;0;;0;;0;0;;;;;;;;;;0;0;1000;;;;;;0;0;;0;0;0;0;0;;P;;I;X;;;X;0;0;0;0;0;;;;;;;;;;;;;;;;;;;;;;;;;;;;;;;;;;;;;;;;;;;;;;;;;;;;;;;;;;;;;;;;;;;;;;;;;;;;;;
;000;;TZRU55-0001;1005;SPKTM;TZRU55-0001;;TZRU55-0400;1005;SPKTM;TZRU55-0400;Test route;;;0;1;0;;;0;;;0;;;0;0;;;;;;;;;;;;;;;;;;;;;;;;;;;;000;;TZRU55-0001;1005;SPKTM;TZRU55-0001;;TZRU55-0400;1005;SPKTM;TZRU55-0400;20120122000000;99990101235959;YT;X;X;X;Test route;;0,000;0;;0;;0;0;;;;;;;;;;0;0;1000;;;;;;0;0;;0;0;0;0;0;;P;;I;X;;;X;0;0;0;0;0;;;;;;;;;;;;;;;;;;;;;;;;;;;;;;;;;;;;;;;;;;;;;;;;;;;;;;;;;;;;;;;;;;;;;;;;;;;;;;
;000;;TZRU55-0001;1005;SPKTM;TZRU55-0001;;TZRU55-0410;1005;SPKTM;TZRU55-0410;Test route;;;0;1;0;;;0;;;0;;;0;0;;;;;;;;;;;;;;;;;;;;;;;;;;;;000;;TZRU55-0001;1005;SPKTM;TZRU55-0001;;TZRU55-0410;1005;SPKTM;TZRU55-0410;20120122000000;99990101235959;YT;X;X;X;Test route;;0,000;0;;0;;0;0;;;;;;;;;;0;0;1000;;;;;;0;0;;0;0;0;0;0;;P;;I;X;;;X;0;0;0;0;0;;;;;;;;;;;;;;;;;;;;;;;;;;;;;;;;;;;;;;;;;;;;;;;;;;;;;;;;;;;;;;;;;;;;;;;;;;;;;;
;000;;TZRU55-0001;1005;SPKTM;TZRU55-0001;;TZRU55-0420;1005;SPKTM;TZRU55-0420;Test route;;;0;1;0;;;0;;;0;;;0;0;;;;;;;;;;;;;;;;;;;;;;;;;;;;000;;TZRU55-0001;1005;SPKTM;TZRU55-0001;;TZRU55-0420;1005;SPKTM;TZRU55-0420;20120122000000;99990101235959;YT;X;X;X;Test route;;0,000;0;;0;;0;0;;;;;;;;;;0;0;1000;;;;;;0;0;;0;0;0;0;0;;P;;I;X;;;X;0;0;0;0;0;;;;;;;;;;;;;;;;;;;;;;;;;;;;;;;;;;;;;;;;;;;;;;;;;;;;;;;;;;;;;;;;;;;;;;;;;;;;;;
;000;;TZRU55-0001;1005;SPKTM;TZRU55-0001;;TZRU55-0430;1005;SPKTM;TZRU55-0430;Test route;;;0;1;0;;;0;;;0;;;0;0;;;;;;;;;;;;;;;;;;;;;;;;;;;;000;;TZRU55-0001;1005;SPKTM;TZRU55-0001;;TZRU55-0430;1005;SPKTM;TZRU55-0430;20120122000000;99990101235959;YT;X;X;X;Test route;;0,000;0;;0;;0;0;;;;;;;;;;0;0;1000;;;;;;0;0;;0;0;0;0;0;;P;;I;X;;;X;0;0;0;0;0;;;;;;;;;;;;;;;;;;;;;;;;;;;;;;;;;;;;;;;;;;;;;;;;;;;;;;;;;;;;;;;;;;;;;;;;;;;;;;
;000;;TZRU55-0001;1005;SPKTM;TZRU55-0001;;TZRU55-0440;1005;SPKTM;TZRU55-0440;Test route;;;0;1;0;;;0;;;0;;;0;0;;;;;;;;;;;;;;;;;;;;;;;;;;;;000;;TZRU55-0001;1005;SPKTM;TZRU55-0001;;TZRU55-0440;1005;SPKTM;TZRU55-0440;20120122000000;99990101235959;YT;X;X;X;Test route;;0,000;0;;0;;0;0;;;;;;;;;;0;0;1000;;;;;;0;0;;0;0;0;0;0;;P;;I;X;;;X;0;0;0;0;0;;;;;;;;;;;;;;;;;;;;;;;;;;;;;;;;;;;;;;;;;;;;;;;;;;;;;;;;;;;;;;;;;;;;;;;;;;;;;;
;000;;TZRU55-0001;1005;SPKTM;TZRU55-0001;;TZRU55-0450;1005;SPKTM;TZRU55-0450;Test route;;;0;1;0;;;0;;;0;;;0;0;;;;;;;;;;;;;;;;;;;;;;;;;;;;000;;TZRU55-0001;1005;SPKTM;TZRU55-0001;;TZRU55-0450;1005;SPKTM;TZRU55-0450;20120122000000;99990101235959;YT;X;X;X;Test route;;0,000;0;;0;;0;0;;;;;;;;;;0;0;1000;;;;;;0;0;;0;0;0;0;0;;P;;I;X;;;X;0;0;0;0;0;;;;;;;;;;;;;;;;;;;;;;;;;;;;;;;;;;;;;;;;;;;;;;;;;;;;;;;;;;;;;;;;;;;;;;;;;;;;;;
;000;;TZRU55-0001;1005;SPKTM;TZRU55-0001;;TZRU55-0460;1005;SPKTM;TZRU55-0460;Test route;;;0;1;0;;;0;;;0;;;0;0;;;;;;;;;;;;;;;;;;;;;;;;;;;;000;;TZRU55-0001;1005;SPKTM;TZRU55-0001;;TZRU55-0460;1005;SPKTM;TZRU55-0460;20120122000000;99990101235959;YT;X;X;X;Test route;;0,000;0;;0;;0;0;;;;;;;;;;0;0;1000;;;;;;0;0;;0;0;0;0;0;;P;;I;X;;;X;0;0;0;0;0;;;;;;;;;;;;;;;;;;;;;;;;;;;;;;;;;;;;;;;;;;;;;;;;;;;;;;;;;;;;;;;;;;;;;;;;;;;;;;
;000;;TZRU55-0001;1005;SPKTM;TZRU55-0001;;TZRU55-0470;1005;SPKTM;TZRU55-0470;Test route;;;0;1;0;;;0;;;0;;;0;0;;;;;;;;;;;;;;;;;;;;;;;;;;;;000;;TZRU55-0001;1005;SPKTM;TZRU55-0001;;TZRU55-0470;1005;SPKTM;TZRU55-0470;20120122000000;99990101235959;YT;X;X;X;Test route;;0,000;0;;0;;0;0;;;;;;;;;;0;0;1000;;;;;;0;0;;0;0;0;0;0;;P;;I;X;;;X;0;0;0;0;0;;;;;;;;;;;;;;;;;;;;;;;;;;;;;;;;;;;;;;;;;;;;;;;;;;;;;;;;;;;;;;;;;;;;;;;;;;;;;;
;000;;TZRU55-0001;1005;SPKTM;TZRU55-0001;;TZRU55-0480;1005;SPKTM;TZRU55-0480;Test route;;;0;1;0;;;0;;;0;;;0;0;;;;;;;;;;;;;;;;;;;;;;;;;;;;000;;TZRU55-0001;1005;SPKTM;TZRU55-0001;;TZRU55-0480;1005;SPKTM;TZRU55-0480;20120122000000;99990101235959;YT;X;X;X;Test route;;0,000;0;;0;;0;0;;;;;;;;;;0;0;1000;;;;;;0;0;;0;0;0;0;0;;P;;I;X;;;X;0;0;0;0;0;;;;;;;;;;;;;;;;;;;;;;;;;;;;;;;;;;;;;;;;;;;;;;;;;;;;;;;;;;;;;;;;;;;;;;;;;;;;;;
;000;;TZRU55-0001;1005;SPKTM;TZRU55-0001;;TZRU55-0490;1005;SPKTM;TZRU55-0490;Test route;;;0;1;0;;;0;;;0;;;0;0;;;;;;;;;;;;;;;;;;;;;;;;;;;;000;;TZRU55-0001;1005;SPKTM;TZRU55-0001;;TZRU55-0490;1005;SPKTM;TZRU55-0490;20120122000000;99990101235959;YT;X;X;X;Test route;;0,000;0;;0;;0;0;;;;;;;;;;0;0;1000;;;;;;0;0;;0;0;0;0;0;;P;;I;X;;;X;0;0;0;0;0;;;;;;;;;;;;;;;;;;;;;;;;;;;;;;;;;;;;;;;;;;;;;;;;;;;;;;;;;;;;;;;;;;;;;;;;;;;;;;
;000;;TZRU55-0001;1005;SPKTM;TZRU55-0001;;TZRU55-0500;1005;SPKTM;TZRU55-0500;Test route;;;0;1;0;;;0;;;0;;;0;0;;;;;;;;;;;;;;;;;;;;;;;;;;;;000;;TZRU55-0001;1005;SPKTM;TZRU55-0001;;TZRU55-0500;1005;SPKTM;TZRU55-0500;20120122000000;99990101235959;YT;X;X;X;Test route;;0,000;0;;0;;0;0;;;;;;;;;;0;0;1000;;;;;;0;0;;0;0;0;0;0;;P;;I;X;;;X;0;0;0;0;0;;;;;;;;;;;;;;;;;;;;;;;;;;;;;;;;;;;;;;;;;;;;;;;;;;;;;;;;;;;;;;;;;;;;;;;;;;;;;;
;000;;TZRU55-0001;1005;SPKTM;TZRU55-0001;;TZRU55-0510;1005;SPKTM;TZRU55-0510;Test route;;;0;1;0;;;0;;;0;;;0;0;;;;;;;;;;;;;;;;;;;;;;;;;;;;000;;TZRU55-0001;1005;SPKTM;TZRU55-0001;;TZRU55-0510;1005;SPKTM;TZRU55-0510;20120122000000;99990101235959;YT;X;X;X;Test route;;0,000;0;;0;;0;0;;;;;;;;;;0;0;1000;;;;;;0;0;;0;0;0;0;0;;P;;I;X;;;X;0;0;0;0;0;;;;;;;;;;;;;;;;;;;;;;;;;;;;;;;;;;;;;;;;;;;;;;;;;;;;;;;;;;;;;;;;;;;;;;;;;;;;;;
;000;;TZRU55-0001;1005;SPKTM;TZRU55-0001;;TZRU55-0520;1005;SPKTM;TZRU55-0520;Test route;;;0;1;0;;;0;;;0;;;0;0;;;;;;;;;;;;;;;;;;;;;;;;;;;;000;;TZRU55-0001;1005;SPKTM;TZRU55-0001;;TZRU55-0520;1005;SPKTM;TZRU55-0520;20120122000000;99990101235959;YT;X;X;X;Test route;;0,000;0;;0;;0;0;;;;;;;;;;0;0;1000;;;;;;0;0;;0;0;0;0;0;;P;;I;X;;;X;0;0;0;0;0;;;;;;;;;;;;;;;;;;;;;;;;;;;;;;;;;;;;;;;;;;;;;;;;;;;;;;;;;;;;;;;;;;;;;;;;;;;;;;
;000;;TZRU55-0001;1005;SPKTM;TZRU55-0001;;TZRU55-0530;1005;SPKTM;TZRU55-0530;Test route;;;0;1;0;;;0;;;0;;;0;0;;;;;;;;;;;;;;;;;;;;;;;;;;;;000;;TZRU55-0001;1005;SPKTM;TZRU55-0001;;TZRU55-0530;1005;SPKTM;TZRU55-0530;20120122000000;99990101235959;YT;X;X;X;Test route;;0,000;0;;0;;0;0;;;;;;;;;;0;0;1000;;;;;;0;0;;0;0;0;0;0;;P;;I;X;;;X;0;0;0;0;0;;;;;;;;;;;;;;;;;;;;;;;;;;;;;;;;;;;;;;;;;;;;;;;;;;;;;;;;;;;;;;;;;;;;;;;;;;;;;;
;000;;TZRU55-0001;1005;SPKTM;TZRU55-0001;;TZRU55-0540;1005;SPKTM;TZRU55-0540;Test route;;;0;1;0;;;0;;;0;;;0;0;;;;;;;;;;;;;;;;;;;;;;;;;;;;000;;TZRU55-0001;1005;SPKTM;TZRU55-0001;;TZRU55-0540;1005;SPKTM;TZRU55-0540;20120122000000;99990101235959;YT;X;X;X;Test route;;0,000;0;;0;;0;0;;;;;;;;;;0;0;1000;;;;;;0;0;;0;0;0;0;0;;P;;I;X;;;X;0;0;0;0;0;;;;;;;;;;;;;;;;;;;;;;;;;;;;;;;;;;;;;;;;;;;;;;;;;;;;;;;;;;;;;;;;;;;;;;;;;;;;;;
;000;;TZRU55-0001;1005;SPKTM;TZRU55-0001;;TZRU55-0550;1005;SPKTM;TZRU55-0550;Test route;;;0;1;0;;;0;;;0;;;0;0;;;;;;;;;;;;;;;;;;;;;;;;;;;;000;;TZRU55-0001;1005;SPKTM;TZRU55-0001;;TZRU55-0550;1005;SPKTM;TZRU55-0550;20120122000000;99990101235959;YT;X;X;X;Test route;;0,000;0;;0;;0;0;;;;;;;;;;0;0;1000;;;;;;0;0;;0;0;0;0;0;;P;;I;X;;;X;0;0;0;0;0;;;;;;;;;;;;;;;;;;;;;;;;;;;;;;;;;;;;;;;;;;;;;;;;;;;;;;;;;;;;;;;;;;;;;;;;;;;;;;
;000;;TZRU55-0001;1005;SPKTM;TZRU55-0001;;TZRU55-0560;1005;SPKTM;TZRU55-0560;Test route;;;0;1;0;;;0;;;0;;;0;0;;;;;;;;;;;;;;;;;;;;;;;;;;;;000;;TZRU55-0001;1005;SPKTM;TZRU55-0001;;TZRU55-0560;1005;SPKTM;TZRU55-0560;20120122000000;99990101235959;YT;X;X;X;Test route;;0,000;0;;0;;0;0;;;;;;;;;;0;0;1000;;;;;;0;0;;0;0;0;0;0;;P;;I;X;;;X;0;0;0;0;0;;;;;;;;;;;;;;;;;;;;;;;;;;;;;;;;;;;;;;;;;;;;;;;;;;;;;;;;;;;;;;;;;;;;;;;;;;;;;;
;000;;TZRU55-0001;1005;SPKTM;TZRU55-0001;;TZRU55-0570;1005;SPKTM;TZRU55-0570;Test route;;;0;1;0;;;0;;;0;;;0;0;;;;;;;;;;;;;;;;;;;;;;;;;;;;000;;TZRU55-0001;1005;SPKTM;TZRU55-0001;;TZRU55-0570;1005;SPKTM;TZRU55-0570;20120122000000;99990101235959;YT;X;X;X;Test route;;0,000;0;;0;;0;0;;;;;;;;;;0;0;1000;;;;;;0;0;;0;0;0;0;0;;P;;I;X;;;X;0;0;0;0;0;;;;;;;;;;;;;;;;;;;;;;;;;;;;;;;;;;;;;;;;;;;;;;;;;;;;;;;;;;;;;;;;;;;;;;;;;;;;;;
;000;;TZRU55-0001;1005;SPKTM;TZRU55-0001;;TZRU55-0580;1005;SPKTM;TZRU55-0580;Test route;;;0;1;0;;;0;;;0;;;0;0;;;;;;;;;;;;;;;;;;;;;;;;;;;;000;;TZRU55-0001;1005;SPKTM;TZRU55-0001;;TZRU55-0580;1005;SPKTM;TZRU55-0580;20120122000000;99990101235959;YT;X;X;X;Test route;;0,000;0;;0;;0;0;;;;;;;;;;0;0;1000;;;;;;0;0;;0;0;0;0;0;;P;;I;X;;;X;0;0;0;0;0;;;;;;;;;;;;;;;;;;;;;;;;;;;;;;;;;;;;;;;;;;;;;;;;;;;;;;;;;;;;;;;;;;;;;;;;;;;;;;
;000;;TZRU55-0001;1005;SPKTM;TZRU55-0001;;TZRU55-0590;1005;SPKTM;TZRU55-0590;Test route;;;0;1;0;;;0;;;0;;;0;0;;;;;;;;;;;;;;;;;;;;;;;;;;;;000;;TZRU55-0001;1005;SPKTM;TZRU55-0001;;TZRU55-0590;1005;SPKTM;TZRU55-0590;20120122000000;99990101235959;YT;X;X;X;Test route;;0,000;0;;0;;0;0;;;;;;;;;;0;0;1000;;;;;;0;0;;0;0;0;0;0;;P;;I;X;;;X;0;0;0;0;0;;;;;;;;;;;;;;;;;;;;;;;;;;;;;;;;;;;;;;;;;;;;;;;;;;;;;;;;;;;;;;;;;;;;;;;;;;;;;;
;000;;TZRU55-0001;1005;SPKTM;TZRU55-0001;;TZRU55-0600;1005;SPKTM;TZRU55-0600;Test route;;;0;1;0;;;0;;;0;;;0;0;;;;;;;;;;;;;;;;;;;;;;;;;;;;000;;TZRU55-0001;1005;SPKTM;TZRU55-0001;;TZRU55-0600;1005;SPKTM;TZRU55-0600;20120122000000;99990101235959;YT;X;X;X;Test route;;0,000;0;;0;;0;0;;;;;;;;;;0;0;1000;;;;;;0;0;;0;0;0;0;0;;P;;I;X;;;X;0;0;0;0;0;;;;;;;;;;;;;;;;;;;;;;;;;;;;;;;;;;;;;;;;;;;;;;;;;;;;;;;;;;;;;;;;;;;;;;;;;;;;;;
;000;;TZRU55-0001;1005;SPKTM;TZRU55-0001;;TZRU55-0610;1005;SPKTM;TZRU55-0610;Test route;;;0;1;0;;;0;;;0;;;0;0;;;;;;;;;;;;;;;;;;;;;;;;;;;;000;;TZRU55-0001;1005;SPKTM;TZRU55-0001;;TZRU55-0610;1005;SPKTM;TZRU55-0610;20120122000000;99990101235959;YT;X;X;X;Test route;;0,000;0;;0;;0;0;;;;;;;;;;0;0;1000;;;;;;0;0;;0;0;0;0;0;;P;;I;X;;;X;0;0;0;0;0;;;;;;;;;;;;;;;;;;;;;;;;;;;;;;;;;;;;;;;;;;;;;;;;;;;;;;;;;;;;;;;;;;;;;;;;;;;;;;
;000;;TZRU55-0001;1005;SPKTM;TZRU55-0001;;TZRU55-0620;1005;SPKTM;TZRU55-0620;Test route;;;0;1;0;;;0;;;0;;;0;0;;;;;;;;;;;;;;;;;;;;;;;;;;;;000;;TZRU55-0001;1005;SPKTM;TZRU55-0001;;TZRU55-0620;1005;SPKTM;TZRU55-0620;20120122000000;99990101235959;YT;X;X;X;Test route;;0,000;0;;0;;0;0;;;;;;;;;;0;0;1000;;;;;;0;0;;0;0;0;0;0;;P;;I;X;;;X;0;0;0;0;0;;;;;;;;;;;;;;;;;;;;;;;;;;;;;;;;;;;;;;;;;;;;;;;;;;;;;;;;;;;;;;;;;;;;;;;;;;;;;;
;000;;TZRU55-0001;1005;SPKTM;TZRU55-0001;;TZRU55-0630;1005;SPKTM;TZRU55-0630;Test route;;;0;1;0;;;0;;;0;;;0;0;;;;;;;;;;;;;;;;;;;;;;;;;;;;000;;TZRU55-0001;1005;SPKTM;TZRU55-0001;;TZRU55-0630;1005;SPKTM;TZRU55-0630;20120122000000;99990101235959;YT;X;X;X;Test route;;0,000;0;;0;;0;0;;;;;;;;;;0;0;1000;;;;;;0;0;;0;0;0;0;0;;P;;I;X;;;X;0;0;0;0;0;;;;;;;;;;;;;;;;;;;;;;;;;;;;;;;;;;;;;;;;;;;;;;;;;;;;;;;;;;;;;;;;;;;;;;;;;;;;;;
;000;;TZRU55-0001;1005;SPKTM;TZRU55-0001;;TZRU55-0640;1005;SPKTM;TZRU55-0640;Test route;;;0;1;0;;;0;;;0;;;0;0;;;;;;;;;;;;;;;;;;;;;;;;;;;;000;;TZRU55-0001;1005;SPKTM;TZRU55-0001;;TZRU55-0640;1005;SPKTM;TZRU55-0640;20120122000000;99990101235959;YT;X;X;X;Test route;;0,000;0;;0;;0;0;;;;;;;;;;0;0;1000;;;;;;0;0;;0;0;0;0;0;;P;;I;X;;;X;0;0;0;0;0;;;;;;;;;;;;;;;;;;;;;;;;;;;;;;;;;;;;;;;;;;;;;;;;;;;;;;;;;;;;;;;;;;;;;;;;;;;;;;
;000;;TZRU55-0001;1005;SPKTM;TZRU55-0001;;TZRU55-0650;1005;SPKTM;TZRU55-0650;Test route;;;0;1;0;;;0;;;0;;;0;0;;;;;;;;;;;;;;;;;;;;;;;;;;;;000;;TZRU55-0001;1005;SPKTM;TZRU55-0001;;TZRU55-0650;1005;SPKTM;TZRU55-0650;20120122000000;99990101235959;YT;X;X;X;Test route;;0,000;0;;0;;0;0;;;;;;;;;;0;0;1000;;;;;;0;0;;0;0;0;0;0;;P;;I;X;;;X;0;0;0;0;0;;;;;;;;;;;;;;;;;;;;;;;;;;;;;;;;;;;;;;;;;;;;;;;;;;;;;;;;;;;;;;;;;;;;;;;;;;;;;;
;000;;TZRU55-0001;1005;SPKTM;TZRU55-0001;;TZRU55-0670;1005;SPKTM;TZRU55-0670;Test route;;;0;1;0;;;0;;;0;;;0;0;;;;;;;;;;;;;;;;;;;;;;;;;;;;000;;TZRU55-0001;1005;SPKTM;TZRU55-0001;;TZRU55-0670;1005;SPKTM;TZRU55-0670;20120122000000;99990101235959;YT;X;X;X;Test route;;0,000;0;;0;;0;0;;;;;;;;;;0;0;1000;;;;;;0;0;;0;0;0;0;0;;P;;I;X;;;X;0;0;0;0;0;;;;;;;;;;;;;;;;;;;;;;;;;;;;;;;;;;;;;;;;;;;;;;;;;;;;;;;;;;;;;;;;;;;;;;;;;;;;;;
;000;;TZRU55-0001;1005;SPKTM;TZRU55-0001;;TZRU55-0680;1005;SPKTM;TZRU55-0680;Test route;;;0;1;0;;;0;;;0;;;0;0;;;;;;;;;;;;;;;;;;;;;;;;;;;;000;;TZRU55-0001;1005;SPKTM;TZRU55-0001;;TZRU55-0680;1005;SPKTM;TZRU55-0680;20120122000000;99990101235959;YT;X;X;X;Test route;;0,000;0;;0;;0;0;;;;;;;;;;0;0;1000;;;;;;0;0;;0;0;0;0;0;;P;;I;X;;;X;0;0;0;0;0;;;;;;;;;;;;;;;;;;;;;;;;;;;;;;;;;;;;;;;;;;;;;;;;;;;;;;;;;;;;;;;;;;;;;;;;;;;;;;
;000;;TZRU55-0001;1005;SPKTM;TZRU55-0001;;TZRU55-0690;1005;SPKTM;TZRU55-0690;Test route;;;0;1;0;;;0;;;0;;;0;0;;;;;;;;;;;;;;;;;;;;;;;;;;;;000;;TZRU55-0001;1005;SPKTM;TZRU55-0001;;TZRU55-0690;1005;SPKTM;TZRU55-0690;20120122000000;99990101235959;YT;X;X;X;Test route;;0,000;0;;0;;0;0;;;;;;;;;;0;0;1000;;;;;;0;0;;0;0;0;0;0;;P;;I;X;;;X;0;0;0;0;0;;;;;;;;;;;;;;;;;;;;;;;;;;;;;;;;;;;;;;;;;;;;;;;;;;;;;;;;;;;;;;;;;;;;;;;;;;;;;;
;000;;TZRU55-0001;1005;SPKTM;TZRU55-0001;;TZRU55-0700;1005;SPKTM;TZRU55-0700;Test route;;;0;1;0;;;0;;;0;;;0;0;;;;;;;;;;;;;;;;;;;;;;;;;;;;000;;TZRU55-0001;1005;SPKTM;TZRU55-0001;;TZRU55-0700;1005;SPKTM;TZRU55-0700;20120122000000;99990101235959;YT;X;X;X;Test route;;0,000;0;;0;;0;0;;;;;;;;;;0;0;1000;;;;;;0;0;;0;0;0;0;0;;P;;I;X;;;X;0;0;0;0;0;;;;;;;;;;;;;;;;;;;;;;;;;;;;;;;;;;;;;;;;;;;;;;;;;;;;;;;;;;;;;;;;;;;;;;;;;;;;;;
;000;;TZRU55-0001;1005;SPKTM;TZRU55-0001;;TZRU55-0710;1005;SPKTM;TZRU55-0710;Test route;;;0;1;0;;;0;;;0;;;0;0;;;;;;;;;;;;;;;;;;;;;;;;;;;;000;;TZRU55-0001;1005;SPKTM;TZRU55-0001;;TZRU55-0710;1005;SPKTM;TZRU55-0710;20120122000000;99990101235959;YT;X;X;X;Test route;;0,000;0;;0;;0;0;;;;;;;;;;0;0;1000;;;;;;0;0;;0;0;0;0;0;;P;;I;X;;;X;0;0;0;0;0;;;;;;;;;;;;;;;;;;;;;;;;;;;;;;;;;;;;;;;;;;;;;;;;;;;;;;;;;;;;;;;;;;;;;;;;;;;;;;
;000;;TZRU55-0001;1005;SPKTM;TZRU55-0001;;TZRU55-0720;1005;SPKTM;TZRU55-0720;Test route;;;0;1;0;;;0;;;0;;;0;0;;;;;;;;;;;;;;;;;;;;;;;;;;;;000;;TZRU55-0001;1005;SPKTM;TZRU55-0001;;TZRU55-0720;1005;SPKTM;TZRU55-0720;20120122000000;99990101235959;YT;X;X;X;Test route;;0,000;0;;0;;0;0;;;;;;;;;;0;0;1000;;;;;;0;0;;0;0;0;0;0;;P;;I;X;;;X;0;0;0;0;0;;;;;;;;;;;;;;;;;;;;;;;;;;;;;;;;;;;;;;;;;;;;;;;;;;;;;;;;;;;;;;;;;;;;;;;;;;;;;;
;000;;TZRU55-0001;1005;SPKTM;TZRU55-0001;;TZRU55-0730;1005;SPKTM;TZRU55-0730;Test route;;;0;1;0;;;0;;;0;;;0;0;;;;;;;;;;;;;;;;;;;;;;;;;;;;000;;TZRU55-0001;1005;SPKTM;TZRU55-0001;;TZRU55-0730;1005;SPKTM;TZRU55-0730;20120122000000;99990101235959;YT;X;X;X;Test route;;0,000;0;;0;;0;0;;;;;;;;;;0;0;1000;;;;;;0;0;;0;0;0;0;0;;P;;I;X;;;X;0;0;0;0;0;;;;;;;;;;;;;;;;;;;;;;;;;;;;;;;;;;;;;;;;;;;;;;;;;;;;;;;;;;;;;;;;;;;;;;;;;;;;;;
;000;;TZRU55-0001;1005;SPKTM;TZRU55-0001;;TZRU55-0740;1005;SPKTM;TZRU55-0740;Test route;;;0;1;0;;;0;;;0;;;0;0;;;;;;;;;;;;;;;;;;;;;;;;;;;;000;;TZRU55-0001;1005;SPKTM;TZRU55-0001;;TZRU55-0740;1005;SPKTM;TZRU55-0740;20120122000000;99990101235959;YT;X;X;X;Test route;;0,000;0;;0;;0;0;;;;;;;;;;0;0;1000;;;;;;0;0;;0;0;0;0;0;;P;;I;X;;;X;0;0;0;0;0;;;;;;;;;;;;;;;;;;;;;;;;;;;;;;;;;;;;;;;;;;;;;;;;;;;;;;;;;;;;;;;;;;;;;;;;;;;;;;
;000;;TZRU55-0001;1005;SPKTM;TZRU55-0001;;TZRU55-0750;1005;SPKTM;TZRU55-0750;Test route;;;0;1;0;;;0;;;0;;;0;0;;;;;;;;;;;;;;;;;;;;;;;;;;;;000;;TZRU55-0001;1005;SPKTM;TZRU55-0001;;TZRU55-0750;1005;SPKTM;TZRU55-0750;20120122000000;99990101235959;YT;X;X;X;Test route;;0,000;0;;0;;0;0;;;;;;;;;;0;0;1000;;;;;;0;0;;0;0;0;0;0;;P;;I;X;;;X;0;0;0;0;0;;;;;;;;;;;;;;;;;;;;;;;;;;;;;;;;;;;;;;;;;;;;;;;;;;;;;;;;;;;;;;;;;;;;;;;;;;;;;;
;000;;TZRU55-0001;1005;SPKTM;TZRU55-0001;;TZRU55-0760;1005;SPKTM;TZRU55-0760;Test route;;;0;1;0;;;0;;;0;;;0;0;;;;;;;;;;;;;;;;;;;;;;;;;;;;000;;TZRU55-0001;1005;SPKTM;TZRU55-0001;;TZRU55-0760;1005;SPKTM;TZRU55-0760;20120122000000;99990101235959;YT;X;X;X;Test route;;0,000;0;;0;;0;0;;;;;;;;;;0;0;1000;;;;;;0;0;;0;0;0;0;0;;P;;I;X;;;X;0;0;0;0;0;;;;;;;;;;;;;;;;;;;;;;;;;;;;;;;;;;;;;;;;;;;;;;;;;;;;;;;;;;;;;;;;;;;;;;;;;;;;;;
;000;;TZRU55-0001;1005;SPKTM;TZRU55-0001;;TZRU55-0770;1005;SPKTM;TZRU55-0770;Test route;;;0;1;0;;;0;;;0;;;0;0;;;;;;;;;;;;;;;;;;;;;;;;;;;;000;;TZRU55-0001;1005;SPKTM;TZRU55-0001;;TZRU55-0770;1005;SPKTM;TZRU55-0770;20120122000000;99990101235959;YT;X;X;X;Test route;;0,000;0;;0;;0;0;;;;;;;;;;0;0;1000;;;;;;0;0;;0;0;0;0;0;;P;;I;X;;;X;0;0;0;0;0;;;;;;;;;;;;;;;;;;;;;;;;;;;;;;;;;;;;;;;;;;;;;;;;;;;;;;;;;;;;;;;;;;;;;;;;;;;;;;
;000;;TZRU55-0001;1005;SPKTM;TZRU55-0001;;TZRU55-0780;1005;SPKTM;TZRU55-0780;Test route;;;0;1;0;;;0;;;0;;;0;0;;;;;;;;;;;;;;;;;;;;;;;;;;;;000;;TZRU55-0001;1005;SPKTM;TZRU55-0001;;TZRU55-0780;1005;SPKTM;TZRU55-0780;20120122000000;99990101235959;YT;X;X;X;Test route;;0,000;0;;0;;0;0;;;;;;;;;;0;0;1000;;;;;;0;0;;0;0;0;0;0;;P;;I;X;;;X;0;0;0;0;0;;;;;;;;;;;;;;;;;;;;;;;;;;;;;;;;;;;;;;;;;;;;;;;;;;;;;;;;;;;;;;;;;;;;;;;;;;;;;;
;000;;TZRU55-0001;1005;SPKTM;TZRU55-0001;;TZRU55-0790;1005;SPKTM;TZRU55-0790;Test route;;;0;1;0;;;0;;;0;;;0;0;;;;;;;;;;;;;;;;;;;;;;;;;;;;000;;TZRU55-0001;1005;SPKTM;TZRU55-0001;;TZRU55-0790;1005;SPKTM;TZRU55-0790;20120122000000;99990101235959;YT;X;X;X;Test route;;0,000;0;;0;;0;0;;;;;;;;;;0;0;1000;;;;;;0;0;;0;0;0;0;0;;P;;I;X;;;X;0;0;0;0;0;;;;;;;;;;;;;;;;;;;;;;;;;;;;;;;;;;;;;;;;;;;;;;;;;;;;;;;;;;;;;;;;;;;;;;;;;;;;;;
;000;;TZRU55-0001;1005;SPKTM;TZRU55-0001;;TZRU55-0800;1005;SPKTM;TZRU55-0800;Test route;;;0;1;0;;;0;;;0;;;0;0;;;;;;;;;;;;;;;;;;;;;;;;;;;;000;;TZRU55-0001;1005;SPKTM;TZRU55-0001;;TZRU55-0800;1005;SPKTM;TZRU55-0800;20120122000000;99990101235959;YT;X;X;X;Test route;;0,000;0;;0;;0;0;;;;;;;;;;0;0;1000;;;;;;0;0;;0;0;0;0;0;;P;;I;X;;;X;0;0;0;0;0;;;;;;;;;;;;;;;;;;;;;;;;;;;;;;;;;;;;;;;;;;;;;;;;;;;;;;;;;;;;;;;;;;;;;;;;;;;;;;
;000;;TZRU55-0001;1005;SPKTM;TZRU55-0001;;TZRU55-0810;1005;SPKTM;TZRU55-0810;Test route;;;0;1;0;;;0;;;0;;;0;0;;;;;;;;;;;;;;;;;;;;;;;;;;;;000;;TZRU55-0001;1005;SPKTM;TZRU55-0001;;TZRU55-0810;1005;SPKTM;TZRU55-0810;20120122000000;99990101235959;YT;X;X;X;Test route;;0,000;0;;0;;0;0;;;;;;;;;;0;0;1000;;;;;;0;0;;0;0;0;0;0;;P;;I;X;;;X;0;0;0;0;0;;;;;;;;;;;;;;;;;;;;;;;;;;;;;;;;;;;;;;;;;;;;;;;;;;;;;;;;;;;;;;;;;;;;;;;;;;;;;;
;000;;TZRU55-0001;1005;SPKTM;TZRU55-0001;;TZRU55-0820;1005;SPKTM;TZRU55-0820;Test route;;;0;1;0;;;0;;;0;;;0;0;;;;;;;;;;;;;;;;;;;;;;;;;;;;000;;TZRU55-0001;1005;SPKTM;TZRU55-0001;;TZRU55-0820;1005;SPKTM;TZRU55-0820;20120122000000;99990101235959;YT;X;X;X;Test route;;0,000;0;;0;;0;0;;;;;;;;;;0;0;1000;;;;;;0;0;;0;0;0;0;0;;P;;I;X;;;X;0;0;0;0;0;;;;;;;;;;;;;;;;;;;;;;;;;;;;;;;;;;;;;;;;;;;;;;;;;;;;;;;;;;;;;;;;;;;;;;;;;;;;;;
;000;;TZRU55-0001;1005;SPKTM;TZRU55-0001;;TZRU55-0830;1005;SPKTM;TZRU55-0830;Test route;;;0;1;0;;;0;;;0;;;0;0;;;;;;;;;;;;;;;;;;;;;;;;;;;;000;;TZRU55-0001;1005;SPKTM;TZRU55-0001;;TZRU55-0830;1005;SPKTM;TZRU55-0830;20120122000000;99990101235959;YT;X;X;X;Test route;;0,000;0;;0;;0;0;;;;;;;;;;0;0;1000;;;;;;0;0;;0;0;0;0;0;;P;;I;X;;;X;0;0;0;0;0;;;;;;;;;;;;;;;;;;;;;;;;;;;;;;;;;;;;;;;;;;;;;;;;;;;;;;;;;;;;;;;;;;;;;;;;;;;;;;
;000;;TZRU55-0001;1005;SPKTM;TZRU55-0001;;TZRU55-0840;1005;SPKTM;TZRU55-0840;Test route;;;0;1;0;;;0;;;0;;;0;0;;;;;;;;;;;;;;;;;;;;;;;;;;;;000;;TZRU55-0001;1005;SPKTM;TZRU55-0001;;TZRU55-0840;1005;SPKTM;TZRU55-0840;20120122000000;99990101235959;YT;X;X;X;Test route;;0,000;0;;0;;0;0;;;;;;;;;;0;0;1000;;;;;;0;0;;0;0;0;0;0;;P;;I;X;;;X;0;0;0;0;0;;;;;;;;;;;;;;;;;;;;;;;;;;;;;;;;;;;;;;;;;;;;;;;;;;;;;;;;;;;;;;;;;;;;;;;;;;;;;;
;000;;TZRU55-0001;1005;SPKTM;TZRU55-0001;;TZRU55-0850;1005;SPKTM;TZRU55-0850;Test route;;;0;1;0;;;0;;;0;;;0;0;;;;;;;;;;;;;;;;;;;;;;;;;;;;000;;TZRU55-0001;1005;SPKTM;TZRU55-0001;;TZRU55-0850;1005;SPKTM;TZRU55-0850;20120122000000;99990101235959;YT;X;X;X;Test route;;0,000;0;;0;;0;0;;;;;;;;;;0;0;1000;;;;;;0;0;;0;0;0;0;0;;P;;I;X;;;X;0;0;0;0;0;;;;;;;;;;;;;;;;;;;;;;;;;;;;;;;;;;;;;;;;;;;;;;;;;;;;;;;;;;;;;;;;;;;;;;;;;;;;;;
;000;;TZRU55-0001;1005;SPKTM;TZRU55-0001;;TZRU55-0860;1005;SPKTM;TZRU55-0860;Test route;;;0;1;0;;;0;;;0;;;0;0;;;;;;;;;;;;;;;;;;;;;;;;;;;;000;;TZRU55-0001;1005;SPKTM;TZRU55-0001;;TZRU55-0860;1005;SPKTM;TZRU55-0860;20120122000000;99990101235959;YT;X;X;X;Test route;;0,000;0;;0;;0;0;;;;;;;;;;0;0;1000;;;;;;0;0;;0;0;0;0;0;;P;;I;X;;;X;0;0;0;0;0;;;;;;;;;;;;;;;;;;;;;;;;;;;;;;;;;;;;;;;;;;;;;;;;;;;;;;;;;;;;;;;;;;;;;;;;;;;;;;
;000;;TZRU55-0001;1005;SPKTM;TZRU55-0001;;TZRU55-0870;1005;SPKTM;TZRU55-0870;Test route;;;0;1;0;;;0;;;0;;;0;0;;;;;;;;;;;;;;;;;;;;;;;;;;;;000;;TZRU55-0001;1005;SPKTM;TZRU55-0001;;TZRU55-0870;1005;SPKTM;TZRU55-0870;20120122000000;99990101235959;YT;X;X;X;Test route;;0,000;0;;0;;0;0;;;;;;;;;;0;0;1000;;;;;;0;0;;0;0;0;0;0;;P;;I;X;;;X;0;0;0;0;0;;;;;;;;;;;;;;;;;;;;;;;;;;;;;;;;;;;;;;;;;;;;;;;;;;;;;;;;;;;;;;;;;;;;;;;;;;;;;;
;000;;TZRU55-0001;1005;SPKTM;TZRU55-0001;;TZRU55-0880;1005;SPKTM;TZRU55-0880;Test route;;;0;1;0;;;0;;;0;;;0;0;;;;;;;;;;;;;;;;;;;;;;;;;;;;000;;TZRU55-0001;1005;SPKTM;TZRU55-0001;;TZRU55-0880;1005;SPKTM;TZRU55-0880;20120122000000;99990101235959;YT;X;X;X;Test route;;0,000;0;;0;;0;0;;;;;;;;;;0;0;1000;;;;;;0;0;;0;0;0;0;0;;P;;I;X;;;X;0;0;0;0;0;;;;;;;;;;;;;;;;;;;;;;;;;;;;;;;;;;;;;;;;;;;;;;;;;;;;;;;;;;;;;;;;;;;;;;;;;;;;;;
;000;;TZRU55-0001;1005;SPKTM;TZRU55-0001;;TZRU55-0890;1005;SPKTM;TZRU55-0890;Test route;;;0;1;0;;;0;;;0;;;0;0;;;;;;;;;;;;;;;;;;;;;;;;;;;;000;;TZRU55-0001;1005;SPKTM;TZRU55-0001;;TZRU55-0890;1005;SPKTM;TZRU55-0890;20120122000000;99990101235959;YT;X;X;X;Test route;;0,000;0;;0;;0;0;;;;;;;;;;0;0;1000;;;;;;0;0;;0;0;0;0;0;;P;;I;X;;;X;0;0;0;0;0;;;;;;;;;;;;;;;;;;;;;;;;;;;;;;;;;;;;;;;;;;;;;;;;;;;;;;;;;;;;;;;;;;;;;;;;;;;;;;
;000;;TZRU55-0001;1005;SPKTM;TZRU55-0001;;TZRU55-0900;1005;SPKTM;TZRU55-0900;Test route;;;0;1;0;;;0;;;0;;;0;0;;;;;;;;;;;;;;;;;;;;;;;;;;;;000;;TZRU55-0001;1005;SPKTM;TZRU55-0001;;TZRU55-0900;1005;SPKTM;TZRU55-0900;20120122000000;99990101235959;YT;X;X;X;Test route;;0,000;0;;0;;0;0;;;;;;;;;;0;0;1000;;;;;;0;0;;0;0;0;0;0;;P;;I;X;;;X;0;0;0;0;0;;;;;;;;;;;;;;;;;;;;;;;;;;;;;;;;;;;;;;;;;;;;;;;;;;;;;;;;;;;;;;;;;;;;;;;;;;;;;;
;000;;TZRU55-0001;1005;SPKTM;TZRU55-0001;;TZRU55-0910;1005;SPKTM;TZRU55-0910;Test route;;;0;1;0;;;0;;;0;;;0;0;;;;;;;;;;;;;;;;;;;;;;;;;;;;000;;TZRU55-0001;1005;SPKTM;TZRU55-0001;;TZRU55-0910;1005;SPKTM;TZRU55-0910;20120122000000;99990101235959;YT;X;X;X;Test route;;0,000;0;;0;;0;0;;;;;;;;;;0;0;1000;;;;;;0;0;;0;0;0;0;0;;P;;I;X;;;X;0;0;0;0;0;;;;;;;;;;;;;;;;;;;;;;;;;;;;;;;;;;;;;;;;;;;;;;;;;;;;;;;;;;;;;;;;;;;;;;;;;;;;;;
;000;;TZRU55-0001;1005;SPKTM;TZRU55-0001;;TZRU55-0920;1005;SPKTM;TZRU55-0920;Test route;;;0;1;0;;;0;;;0;;;0;0;;;;;;;;;;;;;;;;;;;;;;;;;;;;000;;TZRU55-0001;1005;SPKTM;TZRU55-0001;;TZRU55-0920;1005;SPKTM;TZRU55-0920;20120122000000;99990101235959;YT;X;X;X;Test route;;0,000;0;;0;;0;0;;;;;;;;;;0;0;1000;;;;;;0;0;;0;0;0;0;0;;P;;I;X;;;X;0;0;0;0;0;;;;;;;;;;;;;;;;;;;;;;;;;;;;;;;;;;;;;;;;;;;;;;;;;;;;;;;;;;;;;;;;;;;;;;;;;;;;;;
;000;;TZRU55-0001;1005;SPKTM;TZRU55-0001;;TZRU55-0930;1005;SPKTM;TZRU55-0930;Test route;;;0;1;0;;;0;;;0;;;0;0;;;;;;;;;;;;;;;;;;;;;;;;;;;;000;;TZRU55-0001;1005;SPKTM;TZRU55-0001;;TZRU55-0930;1005;SPKTM;TZRU55-0930;20120122000000;99990101235959;YT;X;X;X;Test route;;0,000;0;;0;;0;0;;;;;;;;;;0;0;1000;;;;;;0;0;;0;0;0;0;0;;P;;I;X;;;X;0;0;0;0;0;;;;;;;;;;;;;;;;;;;;;;;;;;;;;;;;;;;;;;;;;;;;;;;;;;;;;;;;;;;;;;;;;;;;;;;;;;;;;;
;000;;TZRU55-0001;1005;SPKTM;TZRU55-0001;;TZRU55-0940;1005;SPKTM;TZRU55-0940;Test route;;;0;1;0;;;0;;;0;;;0;0;;;;;;;;;;;;;;;;;;;;;;;;;;;;000;;TZRU55-0001;1005;SPKTM;TZRU55-0001;;TZRU55-0940;1005;SPKTM;TZRU55-0940;20120122000000;99990101235959;YT;X;X;X;Test route;;0,000;0;;0;;0;0;;;;;;;;;;0;0;1000;;;;;;0;0;;0;0;0;0;0;;P;;I;X;;;X;0;0;0;0;0;;;;;;;;;;;;;;;;;;;;;;;;;;;;;;;;;;;;;;;;;;;;;;;;;;;;;;;;;;;;;;;;;;;;;;;;;;;;;;
;000;;TZRU55-0001;1005;SPKTM;TZRU55-0001;;TZRU55-0950;1005;SPKTM;TZRU55-0950;Test route;;;0;1;0;;;0;;;0;;;0;0;;;;;;;;;;;;;;;;;;;;;;;;;;;;000;;TZRU55-0001;1005;SPKTM;TZRU55-0001;;TZRU55-0950;1005;SPKTM;TZRU55-0950;20120122000000;99990101235959;YT;X;X;X;Test route;;0,000;0;;0;;0;0;;;;;;;;;;0;0;1000;;;;;;0;0;;0;0;0;0;0;;P;;I;X;;;X;0;0;0;0;0;;;;;;;;;;;;;;;;;;;;;;;;;;;;;;;;;;;;;;;;;;;;;;;;;;;;;;;;;;;;;;;;;;;;;;;;;;;;;;
;000;;TZRU55-0001;1005;SPKTM;TZRU55-0001;;TZRU55-0960;1005;SPKTM;TZRU55-0960;Test route;;;0;1;0;;;0;;;0;;;0;0;;;;;;;;;;;;;;;;;;;;;;;;;;;;000;;TZRU55-0001;1005;SPKTM;TZRU55-0001;;TZRU55-0960;1005;SPKTM;TZRU55-0960;20120122000000;99990101235959;YT;X;X;X;Test route;;0,000;0;;0;;0;0;;;;;;;;;;0;0;1000;;;;;;0;0;;0;0;0;0;0;;P;;I;X;;;X;0;0;0;0;0;;;;;;;;;;;;;;;;;;;;;;;;;;;;;;;;;;;;;;;;;;;;;;;;;;;;;;;;;;;;;;;;;;;;;;;;;;;;;;
;000;;TZRU55-0001;1005;SPKTM;TZRU55-0001;;TZRU55-0970;1005;SPKTM;TZRU55-0970;Test route;;;0;1;0;;;0;;;0;;;0;0;;;;;;;;;;;;;;;;;;;;;;;;;;;;000;;TZRU55-0001;1005;SPKTM;TZRU55-0001;;TZRU55-0970;1005;SPKTM;TZRU55-0970;20120122000000;99990101235959;YT;X;X;X;Test route;;0,000;0;;0;;0;0;;;;;;;;;;0;0;1000;;;;;;0;0;;0;0;0;0;0;;P;;I;X;;;X;0;0;0;0;0;;;;;;;;;;;;;;;;;;;;;;;;;;;;;;;;;;;;;;;;;;;;;;;;;;;;;;;;;;;;;;;;;;;;;;;;;;;;;;
;000;;TZRU55-0001;1005;SPKTM;TZRU55-0001;;TZRU55-0980;1005;SPKTM;TZRU55-0980;Test route;;;0;1;0;;;0;;;0;;;0;0;;;;;;;;;;;;;;;;;;;;;;;;;;;;000;;TZRU55-0001;1005;SPKTM;TZRU55-0001;;TZRU55-0980;1005;SPKTM;TZRU55-0980;20120122000000;99990101235959;YT;X;X;X;Test route;;0,000;0;;0;;0;0;;;;;;;;;;0;0;1000;;;;;;0;0;;0;0;0;0;0;;P;;I;X;;;X;0;0;0;0;0;;;;;;;;;;;;;;;;;;;;;;;;;;;;;;;;;;;;;;;;;;;;;;;;;;;;;;;;;;;;;;;;;;;;;;;;;;;;;;
;000;;TZRU55-0001;1005;SPKTM;TZRU55-0001;;TZRU55-0990;1005;SPKTM;TZRU55-0990;Test route;;;0;1;0;;;0;;;0;;;0;0;;;;;;;;;;;;;;;;;;;;;;;;;;;;000;;TZRU55-0001;1005;SPKTM;TZRU55-0001;;TZRU55-0990;1005;SPKTM;TZRU55-0990;20120122000000;99990101235959;YT;X;X;X;Test route;;0,000;0;;0;;0;0;;;;;;;;;;0;0;1000;;;;;;0;0;;0;0;0;0;0;;P;;I;X;;;X;0;0;0;0;0;;;;;;;;;;;;;;;;;;;;;;;;;;;;;;;;;;;;;;;;;;;;;;;;;;;;;;;;;;;;;;;;;;;;;;;;;;;;;;
;000;;TZRU55-0001;1005;SPKTM;TZRU55-0001;;TZRU55-1000;1005;SPKTM;TZRU55-1000;Test route;;;0;1;0;;;0;;;0;;;0;0;;;;;;;;;;;;;;;;;;;;;;;;;;;;000;;TZRU55-0001;1005;SPKTM;TZRU55-0001;;TZRU55-1000;1005;SPKTM;TZRU55-1000;20120122000000;99990101235959;YT;X;X;X;Test route;;0,000;0;;0;;0;0;;;;;;;;;;0;0;1000;;;;;;0;0;;0;0;0;0;0;;P;;I;X;;;X;0;0;0;0;0;;;;;;;;;;;;;;;;;;;;;;;;;;;;;;;;;;;;;;;;;;;;;;;;;;;;;;;;;;;;;;;;;;;;;;;;;;;;;;
;000;;TZRU55-0001;1005;SPKTM;TZRU55-0001;;TZRU55-1010;1005;SPKTM;TZRU55-1010;Test route;;;0;1;0;;;0;;;0;;;0;0;;;;;;;;;;;;;;;;;;;;;;;;;;;;000;;TZRU55-0001;1005;SPKTM;TZRU55-0001;;TZRU55-1010;1005;SPKTM;TZRU55-1010;20120122000000;99990101235959;YT;X;X;X;Test route;;0,000;0;;0;;0;0;;;;;;;;;;0;0;1000;;;;;;0;0;;0;0;0;0;0;;P;;I;X;;;X;0;0;0;0;0;;;;;;;;;;;;;;;;;;;;;;;;;;;;;;;;;;;;;;;;;;;;;;;;;;;;;;;;;;;;;;;;;;;;;;;;;;;;;;
;000;;TZRU55-0001;1005;SPKTM;TZRU55-0001;;TZRU55-1020;1005;SPKTM;TZRU55-1020;Test route;;;0;1;0;;;0;;;0;;;0;0;;;;;;;;;;;;;;;;;;;;;;;;;;;;000;;TZRU55-0001;1005;SPKTM;TZRU55-0001;;TZRU55-1020;1005;SPKTM;TZRU55-1020;20120122000000;99990101235959;YT;X;X;X;Test route;;0,000;0;;0;;0;0;;;;;;;;;;0;0;1000;;;;;;0;0;;0;0;0;0;0;;P;;I;X;;;X;0;0;0;0;0;;;;;;;;;;;;;;;;;;;;;;;;;;;;;;;;;;;;;;;;;;;;;;;;;;;;;;;;;;;;;;;;;;;;;;;;;;;;;;
;000;;TZRU55-0001;1005;SPKTM;TZRU55-0001;;TZRU55-1030;1005;SPKTM;TZRU55-1030;Test route;;;0;1;0;;;0;;;0;;;0;0;;;;;;;;;;;;;;;;;;;;;;;;;;;;000;;TZRU55-0001;1005;SPKTM;TZRU55-0001;;TZRU55-1030;1005;SPKTM;TZRU55-1030;20120122000000;99990101235959;YT;X;X;X;Test route;;0,000;0;;0;;0;0;;;;;;;;;;0;0;1000;;;;;;0;0;;0;0;0;0;0;;P;;I;X;;;X;0;0;0;0;0;;;;;;;;;;;;;;;;;;;;;;;;;;;;;;;;;;;;;;;;;;;;;;;;;;;;;;;;;;;;;;;;;;;;;;;;;;;;;;
;000;;TZRU55-0001;1005;SPKTM;TZRU55-0001;;TZRU55-1040;1005;SPKTM;TZRU55-1040;Test route;;;0;1;0;;;0;;;0;;;0;0;;;;;;;;;;;;;;;;;;;;;;;;;;;;000;;TZRU55-0001;1005;SPKTM;TZRU55-0001;;TZRU55-1040;1005;SPKTM;TZRU55-1040;20120122000000;99990101235959;YT;X;X;X;Test route;;0,000;0;;0;;0;0;;;;;;;;;;0;0;1000;;;;;;0;0;;0;0;0;0;0;;P;;I;X;;;X;0;0;0;0;0;;;;;;;;;;;;;;;;;;;;;;;;;;;;;;;;;;;;;;;;;;;;;;;;;;;;;;;;;;;;;;;;;;;;;;;;;;;;;;
;000;;TZRU55-0001;1005;SPKTM;TZRU55-0001;;TZRU55-1050;1005;SPKTM;TZRU55-1050;Test route;;;0;1;0;;;0;;;0;;;0;0;;;;;;;;;;;;;;;;;;;;;;;;;;;;000;;TZRU55-0001;1005;SPKTM;TZRU55-0001;;TZRU55-1050;1005;SPKTM;TZRU55-1050;20120122000000;99990101235959;YT;X;X;X;Test route;;0,000;0;;0;;0;0;;;;;;;;;;0;0;1000;;;;;;0;0;;0;0;0;0;0;;P;;I;X;;;X;0;0;0;0;0;;;;;;;;;;;;;;;;;;;;;;;;;;;;;;;;;;;;;;;;;;;;;;;;;;;;;;;;;;;;;;;;;;;;;;;;;;;;;;
;000;;TZRU55-0001;1005;SPKTM;TZRU55-0001;;TZRU55-1060;1005;SPKTM;TZRU55-1060;Test route;;;0;1;0;;;0;;;0;;;0;0;;;;;;;;;;;;;;;;;;;;;;;;;;;;000;;TZRU55-0001;1005;SPKTM;TZRU55-0001;;TZRU55-1060;1005;SPKTM;TZRU55-1060;20120122000000;99990101235959;YT;X;X;X;Test route;;0,000;0;;0;;0;0;;;;;;;;;;0;0;1000;;;;;;0;0;;0;0;0;0;0;;P;;I;X;;;X;0;0;0;0;0;;;;;;;;;;;;;;;;;;;;;;;;;;;;;;;;;;;;;;;;;;;;;;;;;;;;;;;;;;;;;;;;;;;;;;;;;;;;;;
;000;;TZRU55-0001;1005;SPKTM;TZRU55-0001;;TZRU55-1070;1005;SPKTM;TZRU55-1070;Test route;;;0;1;0;;;0;;;0;;;0;0;;;;;;;;;;;;;;;;;;;;;;;;;;;;000;;TZRU55-0001;1005;SPKTM;TZRU55-0001;;TZRU55-1070;1005;SPKTM;TZRU55-1070;20120122000000;99990101235959;YT;X;X;X;Test route;;0,000;0;;0;;0;0;;;;;;;;;;0;0;1000;;;;;;0;0;;0;0;0;0;0;;P;;I;X;;;X;0;0;0;0;0;;;;;;;;;;;;;;;;;;;;;;;;;;;;;;;;;;;;;;;;;;;;;;;;;;;;;;;;;;;;;;;;;;;;;;;;;;;;;;
;000;;TZRU55-0001;1005;SPKTM;TZRU55-0001;;TZRU55-1080;1005;SPKTM;TZRU55-1080;Test route;;;0;1;0;;;0;;;0;;;0;0;;;;;;;;;;;;;;;;;;;;;;;;;;;;000;;TZRU55-0001;1005;SPKTM;TZRU55-0001;;TZRU55-1080;1005;SPKTM;TZRU55-1080;20120122000000;99990101235959;YT;X;X;X;Test route;;0,000;0;;0;;0;0;;;;;;;;;;0;0;1000;;;;;;0;0;;0;0;0;0;0;;P;;I;X;;;X;0;0;0;0;0;;;;;;;;;;;;;;;;;;;;;;;;;;;;;;;;;;;;;;;;;;;;;;;;;;;;;;;;;;;;;;;;;;;;;;;;;;;;;;
;000;;TZRU55-0001;1005;SPKTM;TZRU55-0001;;TZRU55-1090;1005;SPKTM;TZRU55-1090;Test route;;;0;1;0;;;0;;;0;;;0;0;;;;;;;;;;;;;;;;;;;;;;;;;;;;000;;TZRU55-0001;1005;SPKTM;TZRU55-0001;;TZRU55-1090;1005;SPKTM;TZRU55-1090;20120122000000;99990101235959;YT;X;X;X;Test route;;0,000;0;;0;;0;0;;;;;;;;;;0;0;1000;;;;;;0;0;;0;0;0;0;0;;P;;I;X;;;X;0;0;0;0;0;;;;;;;;;;;;;;;;;;;;;;;;;;;;;;;;;;;;;;;;;;;;;;;;;;;;;;;;;;;;;;;;;;;;;;;;;;;;;;
;000;;TZRU55-0001;1005;SPKTM;TZRU55-0001;;TZRU55-1100;1005;SPKTM;TZRU55-1100;Test route;;;0;1;0;;;0;;;0;;;0;0;;;;;;;;;;;;;;;;;;;;;;;;;;;;000;;TZRU55-0001;1005;SPKTM;TZRU55-0001;;TZRU55-1100;1005;SPKTM;TZRU55-1100;20120122000000;99990101235959;YT;X;X;X;Test route;;0,000;0;;0;;0;0;;;;;;;;;;0;0;1000;;;;;;0;0;;0;0;0;0;0;;P;;I;X;;;X;0;0;0;0;0;;;;;;;;;;;;;;;;;;;;;;;;;;;;;;;;;;;;;;;;;;;;;;;;;;;;;;;;;;;;;;;;;;;;;;;;;;;;;;
;000;;TZRU55-0001;1005;SPKTM;TZRU55-0001;;TZRU55-1110;1005;SPKTM;TZRU55-1110;Test route;;;0;1;0;;;0;;;0;;;0;0;;;;;;;;;;;;;;;;;;;;;;;;;;;;000;;TZRU55-0001;1005;SPKTM;TZRU55-0001;;TZRU55-1110;1005;SPKTM;TZRU55-1110;20120122000000;99990101235959;YT;X;X;X;Test route;;0,000;0;;0;;0;0;;;;;;;;;;0;0;1000;;;;;;0;0;;0;0;0;0;0;;P;;I;X;;;X;0;0;0;0;0;;;;;;;;;;;;;;;;;;;;;;;;;;;;;;;;;;;;;;;;;;;;;;;;;;;;;;;;;;;;;;;;;;;;;;;;;;;;;;
;000;;TZRU55-0001;1005;SPKTM;TZRU55-0001;;TZRU55-1120;1005;SPKTM;TZRU55-1120;Test route;;;0;1;0;;;0;;;0;;;0;0;;;;;;;;;;;;;;;;;;;;;;;;;;;;000;;TZRU55-0001;1005;SPKTM;TZRU55-0001;;TZRU55-1120;1005;SPKTM;TZRU55-1120;20120122000000;99990101235959;YT;X;X;X;Test route;;0,000;0;;0;;0;0;;;;;;;;;;0;0;1000;;;;;;0;0;;0;0;0;0;0;;P;;I;X;;;X;0;0;0;0;0;;;;;;;;;;;;;;;;;;;;;;;;;;;;;;;;;;;;;;;;;;;;;;;;;;;;;;;;;;;;;;;;;;;;;;;;;;;;;;
;000;;TZRU55-0001;1005;SPKTM;TZRU55-0001;;TZRU55-1130;1005;SPKTM;TZRU55-1130;Test route;;;0;1;0;;;0;;;0;;;0;0;;;;;;;;;;;;;;;;;;;;;;;;;;;;000;;TZRU55-0001;1005;SPKTM;TZRU55-0001;;TZRU55-1130;1005;SPKTM;TZRU55-1130;20120122000000;99990101235959;YT;X;X;X;Test route;;0,000;0;;0;;0;0;;;;;;;;;;0;0;1000;;;;;;0;0;;0;0;0;0;0;;P;;I;X;;;X;0;0;0;0;0;;;;;;;;;;;;;;;;;;;;;;;;;;;;;;;;;;;;;;;;;;;;;;;;;;;;;;;;;;;;;;;;;;;;;;;;;;;;;;
;000;;TZRU55-0001;1005;SPKTM;TZRU55-0001;;TZRU55-1140;1005;SPKTM;TZRU55-1140;Test route;;;0;1;0;;;0;;;0;;;0;0;;;;;;;;;;;;;;;;;;;;;;;;;;;;000;;TZRU55-0001;1005;SPKTM;TZRU55-0001;;TZRU55-1140;1005;SPKTM;TZRU55-1140;20120122000000;99990101235959;YT;X;X;X;Test route;;0,000;0;;0;;0;0;;;;;;;;;;0;0;1000;;;;;;0;0;;0;0;0;0;0;;P;;I;X;;;X;0;0;0;0;0;;;;;;;;;;;;;;;;;;;;;;;;;;;;;;;;;;;;;;;;;;;;;;;;;;;;;;;;;;;;;;;;;;;;;;;;;;;;;;
;000;;TZRU55-0001;1005;SPKTM;TZRU55-0001;;TZRU55-1150;1005;SPKTM;TZRU55-1150;Test route;;;0;1;0;;;0;;;0;;;0;0;;;;;;;;;;;;;;;;;;;;;;;;;;;;000;;TZRU55-0001;1005;SPKTM;TZRU55-0001;;TZRU55-1150;1005;SPKTM;TZRU55-1150;20120122000000;99990101235959;YT;X;X;X;Test route;;0,000;0;;0;;0;0;;;;;;;;;;0;0;1000;;;;;;0;0;;0;0;0;0;0;;P;;I;X;;;X;0;0;0;0;0;;;;;;;;;;;;;;;;;;;;;;;;;;;;;;;;;;;;;;;;;;;;;;;;;;;;;;;;;;;;;;;;;;;;;;;;;;;;;;
;000;;TZRU55-0001;1005;SPKTM;TZRU55-0001;;TZRU55-1160;1005;SPKTM;TZRU55-1160;Test route;;;0;1;0;;;0;;;0;;;0;0;;;;;;;;;;;;;;;;;;;;;;;;;;;;000;;TZRU55-0001;1005;SPKTM;TZRU55-0001;;TZRU55-1160;1005;SPKTM;TZRU55-1160;20120122000000;99990101235959;YT;X;X;X;Test route;;0,000;0;;0;;0;0;;;;;;;;;;0;0;1000;;;;;;0;0;;0;0;0;0;0;;P;;I;X;;;X;0;0;0;0;0;;;;;;;;;;;;;;;;;;;;;;;;;;;;;;;;;;;;;;;;;;;;;;;;;;;;;;;;;;;;;;;;;;;;;;;;;;;;;;
;000;;TZRU55-0001;1005;SPKTM;TZRU55-0001;;TZRU55-1170;1005;SPKTM;TZRU55-1170;Test route;;;0;1;0;;;0;;;0;;;0;0;;;;;;;;;;;;;;;;;;;;;;;;;;;;000;;TZRU55-0001;1005;SPKTM;TZRU55-0001;;TZRU55-1170;1005;SPKTM;TZRU55-1170;20120122000000;99990101235959;YT;X;X;X;Test route;;0,000;0;;0;;0;0;;;;;;;;;;0;0;1000;;;;;;0;0;;0;0;0;0;0;;P;;I;X;;;X;0;0;0;0;0;;;;;;;;;;;;;;;;;;;;;;;;;;;;;;;;;;;;;;;;;;;;;;;;;;;;;;;;;;;;;;;;;;;;;;;;;;;;;;
;000;;TZRU55-0001;1005;SPKTM;TZRU55-0001;;TZRU55-1180;1005;SPKTM;TZRU55-1180;Test route;;;0;1;0;;;0;;;0;;;0;0;;;;;;;;;;;;;;;;;;;;;;;;;;;;000;;TZRU55-0001;1005;SPKTM;TZRU55-0001;;TZRU55-1180;1005;SPKTM;TZRU55-1180;20120122000000;99990101235959;YT;X;X;X;Test route;;0,000;0;;0;;0;0;;;;;;;;;;0;0;1000;;;;;;0;0;;0;0;0;0;0;;P;;I;X;;;X;0;0;0;0;0;;;;;;;;;;;;;;;;;;;;;;;;;;;;;;;;;;;;;;;;;;;;;;;;;;;;;;;;;;;;;;;;;;;;;;;;;;;;;;
;000;;TZRU55-0001;1005;SPKTM;TZRU55-0001;;TZRU55-1190;1005;SPKTM;TZRU55-1190;Test route;;;0;1;0;;;0;;;0;;;0;0;;;;;;;;;;;;;;;;;;;;;;;;;;;;000;;TZRU55-0001;1005;SPKTM;TZRU55-0001;;TZRU55-1190;1005;SPKTM;TZRU55-1190;20120122000000;99990101235959;YT;X;X;X;Test route;;0,000;0;;0;;0;0;;;;;;;;;;0;0;1000;;;;;;0;0;;0;0;0;0;0;;P;;I;X;;;X;0;0;0;0;0;;;;;;;;;;;;;;;;;;;;;;;;;;;;;;;;;;;;;;;;;;;;;;;;;;;;;;;;;;;;;;;;;;;;;;;;;;;;;;
;000;;TZRU55-0001;1005;SPKTM;TZRU55-0001;;TZRU55-1200;1005;SPKTM;TZRU55-1200;Test route;;;0;1;0;;;0;;;0;;;0;0;;;;;;;;;;;;;;;;;;;;;;;;;;;;000;;TZRU55-0001;1005;SPKTM;TZRU55-0001;;TZRU55-1200;1005;SPKTM;TZRU55-1200;20120122000000;99990101235959;YT;X;X;X;Test route;;0,000;0;;0;;0;0;;;;;;;;;;0;0;1000;;;;;;0;0;;0;0;0;0;0;;P;;I;X;;;X;0;0;0;0;0;;;;;;;;;;;;;;;;;;;;;;;;;;;;;;;;;;;;;;;;;;;;;;;;;;;;;;;;;;;;;;;;;;;;;;;;;;;;;;
;000;;TZRU55-0001;1005;SPKTM;TZRU55-0001;;TZRU55-1210;1005;SPKTM;TZRU55-1210;Test route;;;0;1;0;;;0;;;0;;;0;0;;;;;;;;;;;;;;;;;;;;;;;;;;;;000;;TZRU55-0001;1005;SPKTM;TZRU55-0001;;TZRU55-1210;1005;SPKTM;TZRU55-1210;20120122000000;99990101235959;YT;X;X;X;Test route;;0,000;0;;0;;0;0;;;;;;;;;;0;0;1000;;;;;;0;0;;0;0;0;0;0;;P;;I;X;;;X;0;0;0;0;0;;;;;;;;;;;;;;;;;;;;;;;;;;;;;;;;;;;;;;;;;;;;;;;;;;;;;;;;;;;;;;;;;;;;;;;;;;;;;;
;000;;TZRU55-0001;1005;SPKTM;TZRU55-0001;;TZRU55-1220;1005;SPKTM;TZRU55-1220;Test route;;;0;1;0;;;0;;;0;;;0;0;;;;;;;;;;;;;;;;;;;;;;;;;;;;000;;TZRU55-0001;1005;SPKTM;TZRU55-0001;;TZRU55-1220;1005;SPKTM;TZRU55-1220;20120122000000;99990101235959;YT;X;X;X;Test route;;0,000;0;;0;;0;0;;;;;;;;;;0;0;1000;;;;;;0;0;;0;0;0;0;0;;P;;I;X;;;X;0;0;0;0;0;;;;;;;;;;;;;;;;;;;;;;;;;;;;;;;;;;;;;;;;;;;;;;;;;;;;;;;;;;;;;;;;;;;;;;;;;;;;;;
;000;;TZRU55-0001;1005;SPKTM;TZRU55-0001;;TZRU55-1230;1005;SPKTM;TZRU55-1230;Test route;;;0;1;0;;;0;;;0;;;0;0;;;;;;;;;;;;;;;;;;;;;;;;;;;;000;;TZRU55-0001;1005;SPKTM;TZRU55-0001;;TZRU55-1230;1005;SPKTM;TZRU55-1230;20120122000000;99990101235959;YT;X;X;X;Test route;;0,000;0;;0;;0;0;;;;;;;;;;0;0;1000;;;;;;0;0;;0;0;0;0;0;;P;;I;X;;;X;0;0;0;0;0;;;;;;;;;;;;;;;;;;;;;;;;;;;;;;;;;;;;;;;;;;;;;;;;;;;;;;;;;;;;;;;;;;;;;;;;;;;;;;
;000;;TZRU55-0001;1005;SPKTM;TZRU55-0001;;TZRU55-1240;1005;SPKTM;TZRU55-1240;Test route;;;0;1;0;;;0;;;0;;;0;0;;;;;;;;;;;;;;;;;;;;;;;;;;;;000;;TZRU55-0001;1005;SPKTM;TZRU55-0001;;TZRU55-1240;1005;SPKTM;TZRU55-1240;20120122000000;99990101235959;YT;X;X;X;Test route;;0,000;0;;0;;0;0;;;;;;;;;;0;0;1000;;;;;;0;0;;0;0;0;0;0;;P;;I;X;;;X;0;0;0;0;0;;;;;;;;;;;;;;;;;;;;;;;;;;;;;;;;;;;;;;;;;;;;;;;;;;;;;;;;;;;;;;;;;;;;;;;;;;;;;;
;000;;TZRU55-0001;1005;SPKTM;TZRU55-0001;;TZRU55-1250;1005;SPKTM;TZRU55-1250;Test route;;;0;1;0;;;0;;;0;;;0;0;;;;;;;;;;;;;;;;;;;;;;;;;;;;000;;TZRU55-0001;1005;SPKTM;TZRU55-0001;;TZRU55-1250;1005;SPKTM;TZRU55-1250;20120122000000;99990101235959;YT;X;X;X;Test route;;0,000;0;;0;;0;0;;;;;;;;;;0;0;1000;;;;;;0;0;;0;0;0;0;0;;P;;I;X;;;X;0;0;0;0;0;;;;;;;;;;;;;;;;;;;;;;;;;;;;;;;;;;;;;;;;;;;;;;;;;;;;;;;;;;;;;;;;;;;;;;;;;;;;;;
;000;;TZRU55-0001;1005;SPKTM;TZRU55-0001;;TZRU55-1290;1005;SPKTM;TZRU55-1290;Test route;;;0;1;0;;;0;;;0;;;0;0;;;;;;;;;;;;;;;;;;;;;;;;;;;;000;;TZRU55-0001;1005;SPKTM;TZRU55-0001;;TZRU55-1290;1005;SPKTM;TZRU55-1290;20120122000000;99990101235959;YT;X;X;X;Test route;;0,000;0;;0;;0;0;;;;;;;;;;0;0;1000;;;;;;0;0;;0;0;0;0;0;;P;;I;X;;;X;0;0;0;0;0;;;;;;;;;;;;;;;;;;;;;;;;;;;;;;;;;;;;;;;;;;;;;;;;;;;;;;;;;;;;;;;;;;;;;;;;;;;;;;
;000;;TZRU55-0001;1005;SPKTM;TZRU55-0001;;TZRU55-1300;1005;SPKTM;TZRU55-1300;Test route;;;0;1;0;;;0;;;0;;;0;0;;;;;;;;;;;;;;;;;;;;;;;;;;;;000;;TZRU55-0001;1005;SPKTM;TZRU55-0001;;TZRU55-1300;1005;SPKTM;TZRU55-1300;20120122000000;99990101235959;YT;X;X;X;Test route;;0,000;0;;0;;0;0;;;;;;;;;;0;0;1000;;;;;;0;0;;0;0;0;0;0;;P;;I;X;;;X;0;0;0;0;0;;;;;;;;;;;;;;;;;;;;;;;;;;;;;;;;;;;;;;;;;;;;;;;;;;;;;;;;;;;;;;;;;;;;;;;;;;;;;;
;000;;TZRU55-0001;1005;SPKTM;TZRU55-0001;;TZRU55-1310;1005;SPKTM;TZRU55-1310;Test route;;;0;1;0;;;0;;;0;;;0;0;;;;;;;;;;;;;;;;;;;;;;;;;;;;000;;TZRU55-0001;1005;SPKTM;TZRU55-0001;;TZRU55-1310;1005;SPKTM;TZRU55-1310;20120122000000;99990101235959;YT;X;X;X;Test route;;0,000;0;;0;;0;0;;;;;;;;;;0;0;1000;;;;;;0;0;;0;0;0;0;0;;P;;I;X;;;X;0;0;0;0;0;;;;;;;;;;;;;;;;;;;;;;;;;;;;;;;;;;;;;;;;;;;;;;;;;;;;;;;;;;;;;;;;;;;;;;;;;;;;;;
;000;;TZRU55-1260;1005;SPKTM;TZRU55-1260;;TZRU55-0001;1005;SPKTM;TZRU55-0001;Test route;;;0;1;0;;;0;;;0;;;0;0;;;;;;;;;;;;;;;;;;;;;;;;;;;;000;;TZRU55-1260;1005;SPKTM;TZRU55-1260;;TZRU55-0001;1005;SPKTM;TZRU55-0001;20120122000000;99990101235959;YT;X;X;X;Test route;;0,000;0;;0;;0;0;;;;;;;;;;0;0;1000;;;;;;0;0;;0;0;0;0;0;;P;;I;X;;;X;0;0;0;0;0;;;;;;;;;;;;;;;;;;;;;;;;;;;;;;;;;;;;;;;;;;;;;;;;;;;;;;;;;;;;;;;;;;;;;;;;;;;;;;
;000;;TZRU55-1270;1005;SPKTM;TZRU55-1270;;TZRU55-0001;1005;SPKTM;TZRU55-0001;Test route;;;0;1;0;;;0;;;0;;;0;0;;;;;;;;;;;;;;;;;;;;;;;;;;;;000;;TZRU55-1270;1005;SPKTM;TZRU55-1270;;TZRU55-0001;1005;SPKTM;TZRU55-0001;20120122000000;99990101235959;YT;X;X;X;Test route;;0,000;0;;0;;0;0;;;;;;;;;;0;0;1000;;;;;;0;0;;0;0;0;0;0;;P;;I;X;;;X;0;0;0;0;0;;;;;;;;;;;;;;;;;;;;;;;;;;;;;;;;;;;;;;;;;;;;;;;;;;;;;;;;;;;;;;;;;;;;;;;;;;;;;;
;000;;TZRU55-1280;1005;SPKTM;TZRU55-1280;;TZRU55-0001;1005;SPKTM;TZRU55-0001;Test route;;;0;1;0;;;0;;;0;;;0;0;;;;;;;;;;;;;;;;;;;;;;;;;;;;000;;TZRU55-1280;1005;SPKTM;TZRU55-1280;;TZRU55-0001;1005;SPKTM;TZRU55-0001;20120122000000;99990101235959;YT;X;X;X;Test route;;0,000;0;;0;;0;0;;;;;;;;;;0;0;1000;;;;;;0;0;;0;0;0;0;0;;P;;I;X;;;X;0;0;0;0;0;;;;;;;;;;;;;;;;;;;;;;;;;;;;;;;;;;;;;;;;;;;;;;;;;;;;;;;;;;;;;;;;;;;;;;;;;;;;;;
;000;;TZRU55-1290;1005;SPKTM;TZRU55-1290;;TZRU55-0001;1005;SPKTM;TZRU55-0001;Test route;;;0;1;0;;;0;;;0;;;0;0;;;;;;;;;;;;;;;;;;;;;;;;;;;;000;;TZRU55-1290;1005;SPKTM;TZRU55-1290;;TZRU55-0001;1005;SPKTM;TZRU55-0001;20120122000000;99990101235959;YT;X;X;X;Test route;;0,000;0;;0;;0;0;;;;;;;;;;0;0;1000;;;;;;0;0;;0;0;0;0;0;;P;;I;X;;;X;0;0;0;0;0;;;;;;;;;;;;;;;;;;;;;;;;;;;;;;;;;;;;;;;;;;;;;;;;;;;;;;;;;;;;;;;;;;;;;;;;;;;;;;
;000;;TZRU55-1300;1005;SPKTM;TZRU55-1300;;TZRU55-0001;1005;SPKTM;TZRU55-0001;Test route;;;0;1;0;;;0;;;0;;;0;0;;;;;;;;;;;;;;;;;;;;;;;;;;;;000;;TZRU55-1300;1005;SPKTM;TZRU55-1300;;TZRU55-0001;1005;SPKTM;TZRU55-0001;20120122000000;99990101235959;YT;X;X;X;Test route;;0,000;0;;0;;0;0;;;;;;;;;;0;0;1000;;;;;;0;0;;0;0;0;0;0;;P;;I;X;;;X;0;0;0;0;0;;;;;;;;;;;;;;;;;;;;;;;;;;;;;;;;;;;;;;;;;;;;;;;;;;;;;;;;;;;;;;;;;;;;;;;;;;;;;;
;000;;TZRU55-1310;1005;SPKTM;TZRU55-1310;;TZRU55-0001;1005;SPKTM;TZRU55-0001;Test route;;;0;1;0;;;0;;;0;;;0;0;;;;;;;;;;;;;;;;;;;;;;;;;;;;000;;TZRU55-1310;1005;SPKTM;TZRU55-1310;;TZRU55-0001;1005;SPKTM;TZRU55-0001;20120122000000;99990101235959;YT;X;X;X;Test route;;0,000;0;;0;;0;0;;;;;;;;;;0;0;1000;;;;;;0;0;;0;0;0;0;0;;P;;I;X;;;X;0;0;0;0;0;;;;;;;;;;;;;;;;;;;;;;;;;;;;;;;;;;;;;;;;;;;;;;;;;;;;;;;;;;;;;;;;;;;;;;;;;;;;;;
;000;;TZRU55-0001;1005;SPKTM;TZRU55-0001;;TZRU55-1320;1005;SPKTM;TZRU55-1320;Test route;;;0;1;0;;;0;;;0;;;0;0;;;;;;;;;;;;;;;;;;;;;;;;;;;;000;;TZRU55-0001;1005;SPKTM;TZRU55-0001;;TZRU55-1320;1005;SPKTM;TZRU55-1320;20120122000000;99990101235959;YT;X;X;X;Test route;;0,000;0;;0;;0;0;;;;;;;;;;0;0;1000;;;;;;0;0;;0;0;0;0;0;;P;;I;X;;;X;0;0;0;0;0;;;;;;;;;;;;;;;;;;;;;;;;;;;;;;;;;;;;;;;;;;;;;;;;;;;;;;;;;;;;;;;;;;;;;;;;;;;;;;
;000;;TZRU55-0001;1005;SPKTM;TZRU55-0001;;TZRU55-1330;1005;SPKTM;TZRU55-1330;Test route;;;0;1;0;;;0;;;0;;;0;0;;;;;;;;;;;;;;;;;;;;;;;;;;;;000;;TZRU55-0001;1005;SPKTM;TZRU55-0001;;TZRU55-1330;1005;SPKTM;TZRU55-1330;20120122000000;99990101235959;YT;X;X;X;Test route;;0,000;0;;0;;0;0;;;;;;;;;;0;0;1000;;;;;;0;0;;0;0;0;0;0;;P;;I;X;;;X;0;0;0;0;0;;;;;;;;;;;;;;;;;;;;;;;;;;;;;;;;;;;;;;;;;;;;;;;;;;;;;;;;;;;;;;;;;;;;;;;;;;;;;;
